panel_id,hour,voltage,current
P001,0,0.7167107872177387,0.10689427257696434
P001,1,0.5530241274961599,0.1139319704367064
P001,2,0.4090306472855113,0.0
P001,3,0.24862979328146245,0.2152102469496516
P001,4,0.0045429834779592854,0.0
P001,5,0.13262220506001943,0.0
P001,6,0.31440592319848565,0.0
P001,7,8.060691008396207,1.384095487299781
P001,8,8.03681694525046,1.2170945821918258
P001,9,11.053620660315724,1.8454039584081174
P001,10,13.919597879643725,2.062554257622902
P001,11,16.28194030640914,2.681857181821954
P001,12,16.24005900968732,2.6962114792174092
P001,13,15.68819571527352,2.463318436261453
P001,14,14.24647371270189,2.177483475690932
P001,15,11.070692175890528,1.9320608367201668
P001,16,16.219964804144674,2.4253351785913395
P001,17,8.629183989250787,1.3291689665329611
P001,18,0.11318887963812664,0.1742098181147115
P001,19,0.49540529594384697,0.0
P001,20,0.0,0.05529012436803043
P001,21,0.5531147393255538,0.04735879004032383
P001,22,0.0,0.0
P001,23,0.0,0.0
P002,0,0.0,0.18221955853415775
P002,1,0.5616017041416912,0.0
P002,2,0.0,0.0
P002,3,0.0,0.09608003874465508
P002,4,0.0,0.0
P002,5,0.0,0.10378217172826308
P002,6,0.0,0.20023548717651662
P002,7,8.60482834534919,1.7179879771455937
P002,8,7.903565812314703,1.503705640164936
P002,9,10.919640944753658,2.2022876170762515
P002,10,12.849052432170756,2.471147816183998
P002,11,14.23452390641871,2.644051080716176
P002,12,14.898843704206012,2.9310801172921725
P002,13,15.078622416330171,2.8576814035493485
P002,14,13.00906872876383,2.591449514281569
P002,15,10.795583255096233,1.8254587237574045
P002,16,17.31604850827532,2.933307657489019
P002,17,9.013155179962377,1.5405466678705608
P002,18,0.1941488090361174,0.10554624236897703
P002,19,0.03782844834720871,0.02387384179981585
P002,20,0.0,0.0
P002,21,0.3841622285032391,0.0840722098207403
P002,22,0.0,0.0
P002,23,0.6333952924848755,0.021175394803731193
P003,0,0.20605455382979126,0.16776864672718153
P003,1,0.021291724691923804,0.08239734668373429
P003,2,0.13179814203103027,0.1037714732750593
P003,3,0.0,0.2396059184928772
P003,4,0.0,0.0
P003,5,0.062279478385715965,0.0
P003,6,0.2654971401559996,0.1784272563997563
P003,7,8.572482293684422,1.632485949856575
P003,8,9.465056596731584,1.697731995708973
P003,9,13.542957686738747,2.258468414789059
P003,10,17.002886165400664,2.7957165899364824
P003,11,19.081471270976145,2.9264699145508555
P003,12,19.41205966598968,3.3949184685222877
P003,13,18.82010043694815,3.27963355379989
P003,14,16.528372580067128,2.5987572297152677
P003,15,13.912630673999354,2.412668877462347
P003,16,16.99550595766803,2.8749712293276777
P003,17,8.498802830899676,1.3035217386428677
P003,18,0.0,0.0
P003,19,0.0,0.05602399041025836
P003,20,0.0,0.0
P003,21,0.34858119532403237,0.27299232758245057
P003,22,0.46585793275179765,0.14288975919733593
P003,23,0.0,0.07105397050983411
P004,0,0.0,0.07846185060035915
P004,1,0.07848691679173991,0.1996300770550751
P004,2,0.0036439527219675966,0.12697771375910066
P004,3,0.27928022519222373,0.07496496577440337
P004,4,0.0,0.0
P004,5,0.2847428963342995,0.4592920448109328
P004,6,0.0,0.0
P004,7,8.795484852507979,1.5104693762563342
P004,8,16.415334071806026,2.7603614497032023
P004,9,23.145852399676837,4.3355811986187085
P004,10,29.14672468301374,5.233663860852599
P004,11,32.18864136850105,5.926903727379393
P004,12,32.45567889094462,5.756281537663741
P004,13,31.7350411902,5.979048111731819
P004,14,28.934506267595328,5.089881985039438
P004,15,22.970782663785297,4.232410694898741
P004,16,16.72784970934952,3.148306381466862
P004,17,8.739409270228567,1.596540789441145
P004,18,0.0,0.04979138350003032
P004,19,0.0,0.11987682298580989
P004,20,0.0,0.06431859599080864
P004,21,0.5311294549700155,0.0
P004,22,0.0,0.0
P004,23,0.24114391541287752,0.03178180179777341
P005,0,0.18415240244262734,0.0
P005,1,0.4073642364299964,0.14940129890830045
P005,2,0.0,0.04329808962112261
P005,3,0.06114681825824013,0.011216440188295288
P005,4,0.16773276078435825,0.17887448385472063
P005,5,0.2617624774291438,0.0
P005,6,0.34630630152267716,0.0
P005,7,7.823259811590552,1.6911918872092357
P005,8,15.19077836811476,3.4590265252649823
P005,9,22.172846038712642,4.865294238363874
P005,10,26.045219863476813,5.802135632931835
P005,11,30.202296643764143,6.5562588273569675
P005,12,30.68939592958929,6.7161926075743015
P005,13,29.72991811090425,6.477182655851654
P005,14,26.451639863632415,5.642593588249294
P005,15,21.750353983177448,4.784390184061914
P005,16,15.771388068900363,3.1522344840140906
P005,17,8.197733261202368,1.6944638488589054
P005,18,0.14780594514012535,0.0
P005,19,0.026661901839523078,0.15778425858984063
P005,20,0.0,0.0
P005,21,0.0,0.0
P005,22,0.0,0.0
P005,23,0.13730293632865168,0.0
P006,0,0.02089579935566372,0.2053882196132814
P006,1,0.29505129190753954,0.0
P006,2,0.14208821631826937,0.0
P006,3,0.016305173381571336,0.04980978737466097
P006,4,0.682728389270161,0.132177501456301
P006,5,0.12186800551497849,0.0
P006,6,0.0,0.0
P006,7,8.524433218994911,1.4006227456743594
P006,8,15.750109765364522,2.9520965005759816
P006,9,22.309553688457928,3.9304144685038627
P006,10,26.622958620155902,4.797376505094137
P006,11,30.024063206377953,5.1517720375649345
P006,12,30.344117763959304,5.3237337197544505
P006,13,29.96637239170787,5.313930983596599
P006,14,26.60892101336853,4.547956987397937
P006,15,21.358209964729408,4.005290690743675
P006,16,15.699766422045895,2.6222952918189204
P006,17,7.423403719550034,1.4194397868024624
P006,18,0.0,0.0
P006,19,0.10874293764159061,0.0
P006,20,0.1714042530980364,0.0
P006,21,0.2911571460039632,0.0
P006,22,0.22258890495883954,0.08127631340044761
P006,23,0.4429975876288887,0.246173930863736
P007,0,0.2100728860087257,0.16942103840159192
P007,1,0.0,0.10225360348557071
P007,2,0.0,0.0
P007,3,0.0,0.12088353428217391
P007,4,0.08864325732695501,0.1835779797860592
P007,5,0.0,0.020523274450694
P007,6,0.10227665956768607,0.0
P007,7,7.813813026213533,1.4316174132568242
P007,8,15.227899577786719,3.1657873962878194
P007,9,21.502176926287344,4.104691376233514
P007,10,25.496592151544554,4.542217734191866
P007,11,28.98790894845976,5.4020895399510405
P007,12,30.257829461614342,5.757098540599887
P007,13,29.24165160656986,5.777801845264205
P007,14,26.31008832463919,4.999962739317495
P007,15,21.509264502895643,4.274067749702029
P007,16,15.600079027300664,2.8314585700035058
P007,17,7.933474622592408,1.2118811797101892
P007,18,0.0,0.0
P007,19,0.0,0.05174175023194275
P007,20,0.0,0.03929255240119698
P007,21,0.16064754299256137,0.0
P007,22,0.31813404423314035,0.0
P007,23,0.46241129907545475,0.402701135709611
P008,0,0.0,0.0
P008,1,0.0,0.09910850916956232
P008,2,0.07270010582493376,0.0
P008,3,0.6142196763390714,0.12956877368544928
P008,4,0.03445844046416867,0.0
P008,5,0.4653788564198913,0.06031323873044102
P008,6,0.05099187087219249,0.0
P008,7,9.231459323704412,1.7288251939467787
P008,8,17.47341431840296,3.1192535941818322
P008,9,24.32542500724629,4.496787345681756
P008,10,29.42529987132044,5.705077879554518
P008,11,33.08035600389104,6.224684025587471
P008,12,34.77759428104002,6.568159494318544
P008,13,33.42443188581376,6.2606156492505205
P008,14,29.601319747467542,5.648904030782357
P008,15,24.17290597590653,4.670807543829762
P008,16,16.646178433307664,3.203048370354377
P008,17,9.318787405370427,1.5357898060200077
P008,18,0.26581906807385014,0.0
P008,19,0.0,0.17927087697501537
P008,20,0.06004032575202678,0.017425962611482455
P008,21,0.0,0.0
P008,22,0.0,0.06023409125815779
P008,23,0.4003336922592407,0.07024733774087073
P009,0,0.29446421301902437,0.07799986136967156
P009,1,0.09921016711917958,0.0
P009,2,0.0,0.0
P009,3,0.23892162890889795,0.0
P009,4,0.0,0.0
P009,5,0.0,0.08083787777156017
P009,6,0.0,0.04442772070965204
P009,7,8.663407217882137,1.4688124145136787
P009,8,16.839590834797427,2.9319010368473504
P009,9,22.9061072128309,3.9624370144908188
P009,10,28.54679307539672,4.7051468224828215
P009,11,31.858346264309628,5.094050469149304
P009,12,32.675199487261914,5.350414279712615
P009,13,32.027239343213154,5.232377485405444
P009,14,28.807876876845704,4.8507865403326536
P009,15,23.25125824857039,3.8550035845011608
P009,16,17.11931531194446,2.6303687722583557
P009,17,8.446663417496374,1.302595938081022
P009,18,0.0,0.0
P009,19,0.0,0.133498134332565
P009,20,0.0,0.23865289586626756
P009,21,0.0,0.0
P009,22,0.0,0.0
P009,23,0.0,0.0
P010,0,0.01724220090728903,0.2908788853649199
P010,1,0.0,0.0
P010,2,0.0,0.17574934676708256
P010,3,0.012640224522578751,0.0
P010,4,0.1543766972071618,0.0
P010,5,0.36139052177274755,0.0
P010,6,0.255406279380153,0.36150729741107
P010,7,8.494775578557222,1.3671667025122958
P010,8,16.549257792812817,2.580171975394402
P010,9,23.890469362720495,3.777409792376056
P010,10,28.88262236310444,4.365835225063238
P010,11,32.02908653183635,4.978619790748063
P010,12,34.252605412000406,5.162410262679404
P010,13,32.304285458188275,4.901521037611191
P010,14,28.85884905919914,4.643405845785621
P010,15,23.05897902538295,3.61160177671849
P010,16,17.025602072203757,2.344010101823468
P010,17,8.384503941578933,1.2887183544924068
P010,18,0.00858616787035196,0.03737680075708523
P010,19,0.2905869468913263,0.0
P010,20,0.0,0.0
P010,21,0.02384473554526156,0.0
P010,22,0.4571362230581425,0.18318534901004407
P010,23,0.0,0.0
P011,0,0.0,0.21436755278265462
P011,1,0.0,0.0
P011,2,0.0,0.04875212043848128
P011,3,0.0,0.0
P011,4,0.0,0.11311247554357082
P011,5,0.0,0.0
P011,6,0.0,0.11142892193658473
P011,7,7.685972875311553,1.4611620242794754
P011,8,6.24834643628793,1.0499828118125354
P011,9,9.017081444926234,1.5957294760815723
P011,10,11.025660931873437,2.2149765697511965
P011,11,12.140496483283053,2.2345430932425034
P011,12,12.103566997211676,2.18655396627141
P011,13,11.943417428784251,2.033162425086169
P011,14,11.421360453957233,2.060708969611021
P011,15,9.048272016021102,1.6500394858396983
P011,16,14.919309868077445,2.8940045571770012
P011,17,8.265821103752554,1.2247479032795479
P011,18,0.0,0.0
P011,19,0.0,0.1720318798877849
P011,20,0.4187195807785692,0.04970124701690109
P011,21,0.0,0.08001012768563427
P011,22,0.0,0.0
P011,23,0.2823853734181425,0.0
P012,0,0.008307279484863837,0.14868879872881327
P012,1,0.03820964356114677,0.15575664821477234
P012,2,0.0,0.0
P012,3,0.0,0.0
P012,4,0.0,0.0
P012,5,0.0,0.0
P012,6,0.0,0.0
P012,7,8.895691690290787,1.1898427677830563
P012,8,9.155216881152771,1.36594124480676
P012,9,13.13541944195489,1.857898247612486
P012,10,15.53701769288965,2.3232721844887916
P012,11,18.37212380023538,2.819296333678117
P012,12,18.92466000561173,2.8641329089545247
P012,13,18.14125849002008,2.847269358922991
P012,14,16.359042864816242,2.2402273046377816
P012,15,13.381043422696033,2.032584550481881
P012,16,17.207574091423695,2.9725669185788797
P012,17,8.859952971269983,1.3217086321043265
P012,18,0.1584949828891172,0.12371235098584533
P012,19,0.06225104554774079,0.1224010273161635
P012,20,0.6129961469046916,0.12977979120019134
P012,21,0.4858836466311933,0.024999253058598427
P012,22,0.2799036421165049,0.08491289741163212
P012,23,0.0,0.10485204300195082
P013,0,0.0,0.09531690424715365
P013,1,0.0,0.0
P013,2,0.08392720493601272,0.0
P013,3,0.0,0.0
P013,4,0.0,0.0
P013,5,0.0,0.08908901016339667
P013,6,0.0,0.0
P013,7,9.081152294422143,1.9139377115269847
P013,8,9.271391377956665,1.8548698936747061
P013,9,13.675347133097361,2.655817532968054
P013,10,17.485569555805537,3.2178077661367603
P013,11,18.087846921486832,3.446163684448779
P013,12,19.18170237156515,3.894819458966976
P013,13,18.44891056318282,3.985781795227005
P013,14,16.46984572508991,3.333824136988816
P013,15,13.823099661776991,2.4521360683929383
P013,16,17.413005333449583,3.5467490740850387
P013,17,9.07332284483896,1.5316224442238773
P013,18,0.0,0.0
P013,19,0.7301544235207249,0.0
P013,20,0.0,0.018426515781029693
P013,21,0.0,0.0
P013,22,0.050918785317112115,0.0
P013,23,0.026818175743694828,0.10727436011410268
P014,0,0.1464132238136248,0.12782683272120277
P014,1,0.47404022852256045,0.18771846327213967
P014,2,0.0,0.28641279784402407
P014,3,0.03411883806389417,0.1214833982491675
P014,4,0.0,0.0
P014,5,0.1764985555381927,0.12889706866844586
P014,6,0.0,0.07000743510077731
P014,7,7.9436412760740716,1.7883641620750403
P014,8,15.69389272258482,3.334703197325169
P014,9,22.274411839079256,4.541580591419744
P014,10,26.237785468352907,5.5756181137863186
P014,11,30.11152747075108,6.376230092027661
P014,12,30.980634557788118,6.63857727050579
P014,13,30.287579024647474,6.2888816837491754
P014,14,26.825180653532723,5.793333867250896
P014,15,22.35425129090377,4.990503592348709
P014,16,15.327923870550475,3.0464707716726775
P014,17,7.370259410106213,1.7997457870806677
P014,18,0.3154779122015037,0.0
P014,19,0.0,0.06759833330019821
P014,20,0.0,0.0
P014,21,0.004816025593179262,0.0
P014,22,0.0,0.019425067651214864
P014,23,0.24693149272350204,0.0
P015,0,0.26772324594456337,0.0
P015,1,0.02868613376681774,0.0
P015,2,0.0,0.0
P015,3,0.0860823783672894,0.09797896658704643
P015,4,0.049558314036173064,0.0
P015,5,0.17068100234089248,0.15429815691838347
P015,6,0.0,0.06443445003052191
P015,7,7.879758313067053,1.686977428721443
P015,8,15.60737585291858,2.808757276333247
P015,9,22.230249888671757,4.382012173134111
P015,10,27.05786391913914,5.6002490212022105
P015,11,29.880538408465398,5.975480028354659
P015,12,30.76290632885916,6.10509819052629
P015,13,29.977068114723348,5.957770710958347
P015,14,26.440670185563228,5.416972863507333
P015,15,21.610951340323975,4.303596521300923
P015,16,15.907493811755634,3.3184763413238167
P015,17,8.120480519031402,1.6122690068628014
P015,18,0.0,0.0
P015,19,0.24874160537558054,0.0
P015,20,0.3860924891548782,0.07266699079184069
P015,21,0.0,0.06924994420670448
P015,22,0.0,0.0
P015,23,0.0,0.0
P016,0,0.2891550956146085,0.061614328436382634
P016,1,0.2920672342560372,0.0
P016,2,0.41577099638732967,0.050410675188850354
P016,3,0.3025808849546508,0.2935761800459457
P016,4,0.0,0.0
P016,5,0.08428929627545977,0.0
P016,6,0.0,0.0
P016,7,7.848039941123007,1.6983331523820753
P016,8,15.50968953570784,3.395547192630063
P016,9,22.11230591818919,4.775961404739684
P016,10,26.507673934306368,6.098060838931344
P016,11,29.16613465386293,6.588024547576094
P016,12,30.9711818018088,6.722701049649354
P016,13,30.656622027318218,6.4071776259311815
P016,14,26.714073071140653,5.879541952488779
P016,15,21.875710929169298,4.631914067892472
P016,16,15.993160360194405,3.3984352521184027
P016,17,8.178996639332976,1.8183085101420604
P016,18,0.06505831109488527,0.0
P016,19,0.13263499959404187,0.0
P016,20,0.07507317977209456,0.0
P016,21,0.0,0.17157550896305862
P016,22,0.0,0.06049505853679223
P016,23,0.566048433637271,0.06414259223771734
P017,0,0.05516500557154725,0.0
P017,1,0.030028632773909488,0.20697580496100856
P017,2,0.0,0.0
P017,3,0.23432198028493578,0.0
P017,4,0.761607330521246,0.0
P017,5,0.15718580013233813,0.0
P017,6,0.0,0.17360194675853505
P017,7,8.118269529721344,1.9030961099594244
P017,8,16.081904547560416,3.2788428541961143
P017,9,22.114022020773,4.570190171313066
P017,10,27.55384361677882,5.665571263365722
P017,11,29.750930776092268,6.329762112828467
P017,12,31.452247343363773,6.427365195471289
P017,13,30.63559399232991,6.338366079017224
P017,14,27.679207334042463,5.7450931876760105
P017,15,22.043319936084185,4.824821443931332
P017,16,15.309776102109659,3.3058087015011703
P017,17,8.080069237621268,1.473653748214867
P017,18,0.0,0.05303217947980228
P017,19,0.0,0.0
P017,20,0.0,0.20556145409757995
P017,21,0.0,0.21441867030660114
P017,22,0.24133173303325953,0.21966814684009495
P017,23,0.0,0.0
P018,0,0.3241379607016049,0.29847826100063357
P018,1,0.0,0.05264137573435603
P018,2,0.0,0.24395706085029492
P018,3,0.15500079259443686,0.0
P018,4,0.0,0.0
P018,5,0.0,0.04110410290081282
P018,6,0.00020973526715242582,0.022781641442090963
P018,7,8.491132940093946,1.578892786004189
P018,8,16.10862121526048,2.651750661103767
P018,9,23.113283561030222,3.97407606208867
P018,10,28.01826100492676,4.763111016153821
P018,11,31.71443787842045,5.158045975234859
P018,12,32.589328952316286,5.471341610394418
P018,13,31.558664724875072,5.119065051000973
P018,14,29.024002168404213,5.005806710084783
P018,15,22.736366255608477,3.3997339653809497
P018,16,16.728465759792677,2.787511539560291
P018,17,7.645850738693131,1.1259816080922578
P018,18,0.0,0.0
P018,19,0.0,0.0
P018,20,0.0,0.2261450338370526
P018,21,0.061110539441654864,0.0
P018,22,0.08695267925054036,0.1962017873492667
P018,23,0.0,0.0
P019,0,0.0,0.20200045856322987
P019,1,0.15832942827949822,0.0
P019,2,0.24996716328622248,0.011015177886167828
P019,3,0.0,0.0
P019,4,0.0,0.19235452111734055
P019,5,0.0,0.16316097648506211
P019,6,0.14559479896813596,0.06652525808767873
P019,7,8.091749196702297,1.5833375031982646
P019,8,16.053096193927185,3.2853057182854406
P019,9,22.749354784862525,4.643516467989493
P019,10,27.639797878406377,5.538863120040802
P019,11,30.845414488904353,6.743118422979199
P019,12,32.189348826501785,6.735944468028552
P019,13,31.024805490092557,6.503146613057848
P019,14,28.001282165270432,6.100499888073462
P019,15,22.42438207831088,4.726404656457458
P019,16,15.974658088241652,3.2664883581370874
P019,17,8.254784523918268,1.7224059178090347
P019,18,0.24415917243708551,0.0
P019,19,0.0,0.05165336539319344
P019,20,0.07039560154652588,0.0
P019,21,0.07582665226136599,0.0
P019,22,0.493919172803992,0.0
P019,23,0.0,0.0
P020,0,0.0,0.012522168827977635
P020,1,0.0,0.0
P020,2,0.0,0.0
P020,3,0.5294060802788156,0.0
P020,4,0.0,0.0
P020,5,0.0,0.004661395031252081
P020,6,0.3947299524846479,0.0
P020,7,7.615517478854586,1.7239682499537006
P020,8,15.954978321281315,3.0538664685270773
P020,9,21.81894663155971,4.222702006286831
P020,10,27.61582970316105,5.315952817194984
P020,11,29.73334022198604,5.860403042972482
P020,12,30.93010487611501,5.818610530658751
P020,13,30.220826857610625,5.922701236328534
P020,14,27.533368089254,5.111369254230577
P020,15,22.23356645997127,4.438443186695259
P020,16,15.62735832862913,3.0030797960816327
P020,17,8.545262855175473,1.6902898581933878
P020,18,0.6465718615299259,0.0
P020,19,0.20167718532413165,0.010489390071095972
P020,20,0.0,0.18153652507603144
P020,21,0.0,0.0
P020,22,0.0,0.0
P020,23,0.03024522667621565,0.0982560920672684
P021,0,0.0,0.09534923951264408
P021,1,0.16555909659285023,0.0
P021,2,0.601672213691986,0.0
P021,3,0.21527747393791496,0.0
P021,4,0.0,0.1016039282529633
P021,5,0.15808122378953712,0.0
P021,6,0.4861600335497631,0.0
P021,7,9.027515653430264,1.6134342646916402
P021,8,7.731651982759695,1.3174664007067405
P021,9,11.513154417518676,2.1717312261967927
P021,10,13.865751513565174,2.8848803005241255
P021,11,15.760116036908968,2.7495108203090894
P021,12,16.180642886602445,3.2524080527426333
P021,13,14.807221639689528,2.927138307609049
P021,14,13.808778034697184,2.8751768078417985
P021,15,11.419633009512868,2.38020124313383
P021,16,16.09932274665829,3.2816479649273704
P021,17,8.730673865811724,1.6866067815694101
P021,18,0.0,0.0
P021,19,0.0,0.0
P021,20,0.4023935759100404,0.25471393595006
P021,21,0.0,0.0
P021,22,0.17219008776050265,0.23516941967947083
P021,23,0.0,0.0
P022,0,0.6243943970295425,0.07877855855065924
P022,1,0.0,0.0
P022,2,0.028596242084315736,0.07850925253530229
P022,3,0.05371103896468953,0.0
P022,4,0.18227005929940757,0.0
P022,5,0.0,0.09150347546766757
P022,6,0.0,0.0
P022,7,7.747459044399345,1.5437239403375898
P022,8,8.353189574777911,2.074589463257969
P022,9,12.826149068820692,2.6005301688658307
P022,10,15.240416541048942,3.472978960483033
P022,11,17.189071387814323,3.9331391531976263
P022,12,17.774067110821207,3.864463174540271
P022,13,17.015859578417732,3.9645425980114437
P022,14,15.938576642218058,3.4677689240025393
P022,15,12.515833012993378,2.6680360443414637
P022,16,14.8813489563271,3.606305650263404
P022,17,7.824975284078763,1.586695441393447
P022,18,0.14992128603363683,0.0
P022,19,0.1597785328111653,0.0
P022,20,0.0,0.09078355515273832
P022,21,0.2788447522034309,0.16731499460717017
P022,22,0.0,0.15791873353540703
P022,23,0.34324056078492543,0.03356224793614593
P023,0,0.0,0.0
P023,1,0.0,0.0
P023,2,0.31937060340800993,0.0
P023,3,0.03588170066612084,0.2649983233937153
P023,4,0.24500955531407098,0.0
P023,5,0.18559858791297965,0.0
P023,6,0.3858805840213803,0.17169094230751344
P023,7,8.461297303178222,1.4901629318552112
P023,8,6.2999553442990175,1.2921930937343247
P023,9,9.291872186885126,1.711993162168069
P023,10,10.68964964204075,2.217468289937237
P023,11,12.416177678539404,2.2717126459520425
P023,12,13.117702694111463,2.405489825539669
P023,13,12.473703447014538,2.1187615731585585
P023,14,11.281607120005203,2.084980855669825
P023,15,9.038007983957351,1.5711499947790837
P023,16,16.069082452598586,2.7500375947747564
P023,17,8.118509615791417,1.592914464172678
P023,18,0.0,0.13524350640890528
P023,19,0.2659552237707163,0.2532663233619197
P023,20,0.0,0.24348947782293012
P023,21,0.15031000305520348,0.13759727420381632
P023,22,0.0,0.0
P023,23,0.38337804877144954,0.2741521474424544
P024,0,0.0,0.13769515059995432
P024,1,0.04049541624590657,0.0
P024,2,0.12377111899323674,0.10933637333441733
P024,3,0.0,0.0
P024,4,0.0,0.09279451801646127
P024,5,0.31306377278596603,0.0
P024,6,0.2603295072512665,0.0
P024,7,8.32358812691055,1.4575516629285792
P024,8,15.511065536806568,2.7709849359766108
P024,9,22.68413919265886,3.7399863590801106
P024,10,27.78117530694294,4.477817248171669
P024,11,30.761271783630402,4.725003179460991
P024,12,32.19876050164589,5.18875068410765
P024,13,30.542137082654243,5.122255885237219
P024,14,27.414198156631322,4.473227777784518
P024,15,21.763104680675546,3.6877841390008768
P024,16,16.191852861278523,2.5822093043399885
P024,17,8.332837054333034,1.3028063608752862
P024,18,0.0,0.011381608493972541
P024,19,0.0,0.0
P024,20,0.0,0.21649343304479135
P024,21,0.23809738259410607,0.0
P024,22,0.0,0.0
P024,23,0.0,0.0
P025,0,0.0,0.032866590005161504
P025,1,0.0,0.011571717882468953
P025,2,0.0,0.24332896523241432
P025,3,0.0,0.29267130724466917
P025,4,0.0,0.0
P025,5,0.20478697093714385,7.500975504442992e-05
P025,6,0.0,0.029445662538653307
P025,7,8.107093889245261,1.29241108549079
P025,8,16.833091787164445,2.8221924679475845
P025,9,22.62648525420997,3.821956798826526
P025,10,28.305733949025853,4.564777073686159
P025,11,31.666756237760787,5.228030806242677
P025,12,31.80936181978798,5.306219139172786
P025,13,31.202612559646543,5.4254630762955465
P025,14,27.8003429794383,5.010156189543358
P025,15,22.645977009306172,3.894605810225449
P025,16,16.30678800558466,2.7446266777499324
P025,17,8.167908193223521,1.4349483627725195
P025,18,0.0,0.17733510434074792
P025,19,0.0,0.17410485053957747
P025,20,0.0,0.0
P025,21,0.0,0.03788848910686369
P025,22,0.2387719514542422,0.09789696107656175
P025,23,0.31455928155228013,0.0
P026,0,0.1030855768605652,0.18189123561306847
P026,1,0.0,0.26022478368408414
P026,2,0.0,0.17475481572591858
P026,3,0.0,0.0
P026,4,0.7072129095098125,0.0
P026,5,0.2813514904699932,0.10630780102768972
P026,6,0.0,0.0
P026,7,8.830073164132735,1.5582524886472457
P026,8,16.854179395952723,3.157380096627388
P026,9,24.16435978207165,4.041012256743409
P026,10,29.54372348940606,5.013266210669912
P026,11,33.094966381298,5.696246464620216
P026,12,33.67071286936641,5.659589131255178
P026,13,32.8013040747178,5.541059589331088
P026,14,28.856109663082005,5.073628034693948
P026,15,23.612017579096115,4.094487302880508
P026,16,17.228170154450286,3.01836895169614
P026,17,8.49545867848,1.9300794276946893
P026,18,0.0,0.014870750912719404
P026,19,0.0,0.0
P026,20,0.20842830925396189,0.21273605321363465
P026,21,0.0,0.0
P026,22,0.0,0.0
P026,23,0.0,0.0
P027,0,0.36168842338585117,0.0
P027,1,0.10294051530506211,0.0
P027,2,0.39716244113616395,0.0
P027,3,0.0,0.04121128541195175
P027,4,0.0,0.1603439302912707
P027,5,0.13876456579426216,0.01367824107656733
P027,6,0.07200682130551386,0.0
P027,7,8.114634537339978,1.8697276346701592
P027,8,15.779083448191066,3.1953574445629727
P027,9,22.045662339716813,4.447491070268683
P027,10,26.967060230569565,5.9278635575271945
P027,11,30.156627207910283,6.581190295547674
P027,12,31.14909390044791,6.51718477301437
P027,13,30.19935888328516,6.350047480752889
P027,14,27.147931200061034,5.609431023042024
P027,15,22.378663502915416,4.741375114756551
P027,16,15.304427057924793,3.5778221596277047
P027,17,8.167136873450032,1.8229630964935173
P027,18,0.0,0.1553586963874557
P027,19,0.0,0.12295924975365176
P027,20,0.0,0.0
P027,21,0.14848665526845764,0.16250106568669734
P027,22,0.1254757664358001,0.11175458443691993
P027,23,0.12012360877153105,0.2159168572729704
P028,0,0.0,0.0
P028,1,0.0010244253535231374,0.0
P028,2,0.24532580876281493,0.15678765223096164
P028,3,0.0,0.052465428090908726
P028,4,0.007392629528575268,0.0
P028,5,0.026986844438036922,0.0
P028,6,0.22599128072329477,0.38320294888531736
P028,7,8.024965161037988,1.6433129629303485
P028,8,16.73412621968925,3.232735087232393
P028,9,23.095385855534587,4.765583405347166
P028,10,28.287436713376696,5.998029752446517
P028,11,31.340922485627203,6.834193229113037
P028,12,32.732578898507114,6.820065911021122
P028,13,31.475722627911804,6.301871619536739
P028,14,28.570157132600162,6.116585761358244
P028,15,22.598848453786953,4.7498704654615995
P028,16,16.33824984500118,3.235074168472097
P028,17,8.55259338913407,1.5777332922455876
P028,18,0.0,0.12544930790031925
P028,19,0.0,0.03582440792796207
P028,20,0.0,0.05176130654187757
P028,21,0.0523917808103484,0.19297546786078965
P028,22,0.0,0.0
P028,23,0.2895044883189689,0.2049231942410472
P029,0,0.0,0.0
P029,1,0.038340809210034806,0.32460110608685344
P029,2,0.11013068003642017,0.08981085239897102
P029,3,0.0,0.0
P029,4,0.0,0.0
P029,5,0.0,0.1213387083418517
P029,6,0.2196370821999216,0.0
P029,7,8.855232918260752,1.2743590589053504
P029,8,15.970738356573477,2.6218815319073063
P029,9,23.185757367167827,3.6969277771549343
P029,10,28.17703163109358,4.52572501332346
P029,11,31.785595351894585,4.666833420043521
P029,12,33.1566637447265,5.22778847350607
P029,13,32.135110118117794,4.7562028158757395
P029,14,28.88254840139389,4.003730972010833
P029,15,23.70086837758437,3.3685996511883296
P029,16,16.414312588618433,2.539655894351075
P029,17,8.187124629544078,1.150871776171456
P029,18,0.0,0.0
P029,19,0.1899802506910728,0.05073787312937674
P029,20,0.0,0.0
P029,21,0.49804108603447256,0.0
P029,22,0.2693665616281025,0.0
P029,23,0.0,0.003291571232299836
P030,0,0.0,0.0
P030,1,0.0,0.0
P030,2,0.022261864140046606,0.0
P030,3,0.0,0.0
P030,4,0.28515082658478746,0.0
P030,5,0.0,0.1439935011650618
P030,6,0.15165054318344734,0.2375215915874399
P030,7,7.816005145147202,1.390810657760686
P030,8,15.197026839019113,3.3096721963680693
P030,9,21.30841351403363,4.140945328255191
P030,10,26.39421296306699,5.2406463142537545
P030,11,29.418875079199236,5.892946600351886
P030,12,30.370230771346634,6.3881820180425075
P030,13,29.384367353257066,5.734974801315238
P030,14,25.898587667429197,4.945256594868584
P030,15,21.474404173585246,4.481396588712355
P030,16,15.490886562046251,2.8857412687582498
P030,17,7.972103980505519,1.504239196709894
P030,18,0.0,0.0
P030,19,0.0,0.0
P030,20,0.11249338150191267,0.0
P030,21,0.0,0.10146627247421569
P030,22,0.0,0.0121187444582969
P030,23,0.0,0.0
P031,0,0.0,0.14938079649883912
P031,1,0.0,0.03824951260118981
P031,2,0.0,0.0
P031,3,0.16941031876084675,0.13795549711264526
P031,4,0.0,0.027730182577895203
P031,5,0.2987256710044068,0.2086098731387314
P031,6,0.0,0.018587613951396707
P031,7,8.543175531290691,1.3914066574279693
P031,8,16.466951666144517,2.886766703153503
P031,9,23.154750951838764,4.246430107301608
P031,10,29.353192330640454,4.937493525059041
P031,11,31.7632312506727,5.569960749616475
P031,12,33.344780716246895,5.801568719297698
P031,13,31.583902420255868,5.463599526150228
P031,14,28.72314790928661,4.939655570319885
P031,15,23.5048605080484,4.151724736440129
P031,16,16.511609036624154,3.0977826652967297
P031,17,8.379490829314173,1.557735107719681
P031,18,0.0,0.0
P031,19,0.0,0.0
P031,20,0.7206078845506368,0.16427406175803477
P031,21,0.0,0.06502582499202636
P031,22,0.15746663359918514,0.0
P031,23,0.5344875271276102,0.13479726880273507
P032,0,0.0,0.08393655922657005
P032,1,0.01129806995038132,0.0
P032,2,0.0,0.0
P032,3,0.0,0.0
P032,4,0.0,0.39503069100474075
P032,5,0.0,0.07976173246884882
P032,6,0.058623085498989876,0.028014308227236027
P032,7,7.666455974149239,1.4799661467558032
P032,8,15.72297513041093,2.9289821987003544
P032,9,22.003090198668694,3.837134762143668
P032,10,26.57111438398032,4.6263426367355125
P032,11,29.667848067634228,5.385350956368347
P032,12,30.935273787140932,5.417973936041264
P032,13,29.56177946936453,5.098224172791658
P032,14,27.262747266129992,4.525126066651968
P032,15,21.92347497527985,4.079036266435368
P032,16,15.544289254633329,2.7418544955086226
P032,17,8.18967933148126,1.3206315807454374
P032,18,0.0,0.0
P032,19,0.3267029945354321,0.12111670770125274
P032,20,0.03436000986463919,0.0
P032,21,0.28504364129964954,0.0
P032,22,0.0,0.04887612782218871
P032,23,0.3951834680193557,0.18125217263603446
P033,0,0.12040308810743694,0.1712196476958376
P033,1,0.6547521072531262,0.0
P033,2,0.0,0.1903758984687569
P033,3,0.061364818827223645,0.03194249605074343
P033,4,0.0,0.18617210158180902
P033,5,0.0,0.08605305450038306
P033,6,0.18560596435437168,0.0
P033,7,8.187551640231714,1.6181529459671895
P033,8,16.052132087979412,2.6276329450135254
P033,9,21.414206876243853,3.7915682076619377
P033,10,25.982479751648963,4.336133230941261
P033,11,29.517947585313856,5.136990214427512
P033,12,29.986909798776004,5.405169894578765
P033,13,29.461233073608707,5.3514892899055635
P033,14,26.111767059084414,4.747799894431331
P033,15,21.50667403934494,3.7881828396667716
P033,16,15.489942813112595,2.3882087643314245
P033,17,7.815534280245661,1.3759830239155517
P033,18,0.27986372529859016,0.0
P033,19,0.26194756458574464,0.035246681222437036
P033,20,0.0,0.0
P033,21,0.0,0.0
P033,22,0.0,0.0
P033,23,0.6005211307590406,0.0
P034,0,0.0,0.0
P034,1,0.5342487638899928,0.0
P034,2,0.0,0.042929213857203295
P034,3,0.0,0.0
P034,4,0.24014947252979174,0.0
P034,5,0.053782381328005224,0.0
P034,6,0.1598579678440376,0.0
P034,7,8.616377126255149,1.4972243805528167
P034,8,17.78525489099701,2.7284643181751935
P034,9,24.801125254131975,4.014413639298068
P034,10,30.210044667905755,4.933872129952059
P034,11,33.35485693747338,5.371667843727071
P034,12,34.841567724548455,5.8272487160684205
P034,13,33.473093028099875,5.50839950497515
P034,14,29.594409653246995,4.996937813518846
P034,15,24.552893569888347,4.023320719887244
P034,16,17.325194723666574,3.153166136862885
P034,17,9.311240049355668,1.5583172584298748
P034,18,0.0,0.0
P034,19,0.0705599486564103,0.12314503265526008
P034,20,0.0,0.0
P034,21,0.09576700265866397,0.017940039400065645
P034,22,0.11228401667319175,0.04787404351379857
P034,23,0.0,0.01965311431180473
P035,0,0.24218793744332523,0.0
P035,1,0.0,0.0
P035,2,0.33231613508451013,0.0
P035,3,0.0,0.01531123743710755
P035,4,0.0,0.0
P035,5,0.0,0.2655251423470909
P035,6,0.0,0.0
P035,7,9.0904433243533,1.733665523749991
P035,8,17.336304949912325,3.459468149778673
P035,9,24.997334305599104,4.945122736474016
P035,10,30.356748733438167,5.825905823959038
P035,11,33.22382048470933,6.821335020263936
P035,12,34.576643918037426,6.6767447512531
P035,13,33.797618712025994,6.566271512889569
P035,14,30.416195173281587,6.056406666340317
P035,15,24.99397850365236,5.025037882017935
P035,16,17.778432868277996,3.232309509455354
P035,17,8.987334373605075,2.178936722443957
P035,18,0.10879668667535494,0.0
P035,19,0.3896215511831389,0.0
P035,20,0.0,0.07540723376598855
P035,21,0.1139178560820371,0.0
P035,22,0.0,0.0
P035,23,0.0,0.08934660863545792
P036,0,0.014515535485741032,0.0
P036,1,0.0,0.0
P036,2,0.0,0.0
P036,3,0.0,0.16168526091799879
P036,4,0.0,0.0
P036,5,0.13451708808475843,0.23987350267929214
P036,6,0.0,0.18015221417578356
P036,7,8.81350202734946,1.5038393016686202
P036,8,17.062796148377526,2.8741615109269683
P036,9,24.207080136874684,4.0349122695477675
P036,10,29.441151360245723,4.9138885776396855
P036,11,33.207794073478816,5.39907299516601
P036,12,33.41171108214673,5.608877689060436
P036,13,33.763360025068806,5.29351522629885
P036,14,29.21988518342604,4.558424499943844
P036,15,24.192336676334513,4.158222467187547
P036,16,16.739452997229392,2.846791697538549
P036,17,9.003994949442985,1.4623290773357667
P036,18,0.08297074577848247,0.059767368428682605
P036,19,0.0,0.0
P036,20,0.32192620362309393,0.0
P036,21,0.0,0.0
P036,22,0.1641647814171012,0.20521477226457188
P036,23,0.0,0.0
P037,0,0.0,0.0
P037,1,0.6010221801546314,0.0
P037,2,0.28888965873423894,0.17140498743527743
P037,3,0.09228622663531555,0.0
P037,4,0.0,0.0
P037,5,0.020249560762502644,0.0395320110867253
P037,6,0.05926979705171462,0.3854860553213002
P037,7,8.293539107864206,1.358909261889197
P037,8,15.438536270480123,2.8092505080231716
P037,9,22.49069813300556,4.320019394560054
P037,10,26.972900496278097,5.409399900271005
P037,11,30.938284077795693,5.738240844553447
P037,12,31.29158034914179,5.794372120068407
P037,13,30.537934818013984,5.896918034535256
P037,14,27.601321197749908,5.320924943867397
P037,15,22.214461731683517,4.536012908214914
P037,16,15.86371442866338,3.117332688592007
P037,17,8.589325042145305,1.6868509236239844
P037,18,0.1693208963679837,0.0
P037,19,0.10666518890230582,0.3662256513254202
P037,20,0.0,0.0
P037,21,0.0,0.0
P037,22,0.3140760382950036,0.271427237777791
P037,23,0.1709850916024147,0.0
P038,0,0.21643988213552226,0.0
P038,1,0.19061907966446914,0.01793353868977271
P038,2,0.3869269585126122,0.0
P038,3,0.0,0.0
P038,4,0.0361499876367903,0.14908946356824776
P038,5,0.0,0.0
P038,6,0.0,0.009625068843701122
P038,7,7.3978461548005905,1.6039887238773125
P038,8,14.978631235316001,3.069336183879164
P038,9,22.024295050977017,4.520476839613609
P038,10,25.937876653042636,5.675680944907081
P038,11,29.358434080133975,6.505842687045328
P038,12,30.10041697293807,6.492950765225201
P038,13,29.269202686906123,5.811132218770535
P038,14,26.45460291109306,5.54207056159657
P038,15,21.348491744368626,4.537223270843137
P038,16,15.571079744520894,3.343450310332169
P038,17,8.351161805731884,1.6857261621465027
P038,18,0.0,0.18796333759531225
P038,19,0.0,0.05875059234229075
P038,20,0.017742636681726723,0.2338197104246833
P038,21,0.3378351078046142,0.0
P038,22,0.0,0.021651520094504082
P038,23,0.0,0.12399623030848447
P039,0,0.0,0.0
P039,1,0.0,0.0
P039,2,0.4336154068748801,0.0
P039,3,0.0,0.0
P039,4,0.6985857025264698,0.07838428813129909
P039,5,0.21754541981452247,0.0
P039,6,0.20399192265502678,0.0
P039,7,8.822674646071375,1.7617357322838298
P039,8,16.634776859880102,2.7548650942331667
P039,9,23.749957859299393,4.0797860489736335
P039,10,28.886909022537008,4.736580002694329
P039,11,32.44828852914433,5.546226219896503
P039,12,33.41105917448817,5.619408204606377
P039,13,31.997262091281662,5.29764415500405
P039,14,28.68240624399383,5.160490031013906
P039,15,23.337050787801385,4.2271686803570026
P039,16,17.001852785860684,2.847526383772191
P039,17,8.464800062085324,1.6322366133319282
P039,18,0.0,0.28549390315907475
P039,19,0.11905159975464158,0.11311138997371341
P039,20,0.45435526877687443,0.07195196092649447
P039,21,0.23192495675325803,0.029842454472496425
P039,22,0.0,0.09742460472888594
P039,23,0.0,0.0
P040,0,0.0,0.0
P040,1,0.0,0.06763370628187723
P040,2,0.0,0.0
P040,3,0.16531119067276123,0.0
P040,4,0.5539879502491418,2.7999695246006532e-05
P040,5,0.06668481523748519,0.17259113258896036
P040,6,0.048142862099653704,0.0
P040,7,8.053002179071363,1.9110034223135492
P040,8,16.519605645267113,3.5905515446414804
P040,9,22.746834250950634,5.027713108382415
P040,10,27.712989342562736,5.892291003048575
P040,11,31.12265461281063,6.453065711569013
P040,12,32.34235086867199,7.027519236303635
P040,13,31.14531271730862,6.735098771557748
P040,14,28.24852433782217,6.16395945529447
P040,15,22.8845689667577,4.804760782786464
P040,16,16.01519869108424,3.585799839159414
P040,17,8.454528258619584,1.955288463740673
P040,18,0.14989113033779114,0.0
P040,19,0.0,0.06253942548972248
P040,20,0.3448259184791144,0.057294968628614246
P040,21,0.0,0.0
P040,22,0.0,0.07966449034269113
P040,23,0.22541279612278373,0.24337475113515203
P041,0,0.22414956727787438,0.003330590181395488
P041,1,0.0,0.0
P041,2,0.24087048544370582,0.0
P041,3,0.0,0.0
P041,4,0.5458719140095967,0.19353916935690968
P041,5,0.0,0.11461579444921421
P041,6,0.07184323851176896,0.0
P041,7,7.687895159045955,1.5795856168941063
P041,8,15.971904275852465,3.337453051205737
P041,9,21.27332746948419,4.800898378654598
P041,10,26.666511995751975,6.013545773222166
P041,11,29.346701078485225,6.700298430178374
P041,12,30.503958881789497,7.126109386190278
P041,13,29.703235552952115,6.585021300043911
P041,14,26.87657850286395,5.770906455216069
P041,15,22.131692721400043,4.723093152237827
P041,16,14.844011199104047,3.4589935667751353
P041,17,8.002825817427583,1.6829928951475799
P041,18,0.43784808101506023,0.0
P041,19,0.0,0.0
P041,20,0.09431504821645416,0.1485357680557774
P041,21,0.0,0.0
P041,22,0.12436254431393645,0.0
P041,23,0.0,0.10759253717381635
P042,0,0.0,0.0
P042,1,0.0,0.06348185616855266
P042,2,0.2929151860386308,0.04972278930326382
P042,3,0.33121474094500614,0.021264878844161922
P042,4,0.09080560469879576,0.0
P042,5,0.0,0.18446613367829054
P042,6,0.0,0.3331025694874671
P042,7,8.57438106698621,1.4257515530111955
P042,8,15.907708490427167,2.5948290648198076
P042,9,22.75052860330167,3.895973249703156
P042,10,27.948971807283556,4.91470576882596
P042,11,31.310035051255447,5.223757024368148
P042,12,32.24817241639376,5.484229714033
P042,13,31.379333250262228,5.367133296187311
P042,14,27.93839554100046,4.94668392556895
P042,15,23.1743301101816,4.007921403417809
P042,16,16.54726114947459,2.874312491255203
P042,17,8.43794023104324,1.3604870487696237
P042,18,0.13878790061433469,0.06028784327608911
P042,19,0.6353567848877669,0.0
P042,20,0.0,0.1268289149827817
P042,21,0.0,0.17268294611784205
P042,22,0.20849937023306245,0.0830045353158934
P042,23,0.5839628512544296,0.0
P043,0,0.0,0.0
P043,1,0.5180501526656281,0.27097743159930143
P043,2,0.028930115638046983,0.0
P043,3,0.0,0.1574991251175852
P043,4,0.0,0.05083373973277826
P043,5,0.18882407546603627,0.0
P043,6,0.0,0.0
P043,7,7.833456426893376,1.583230049548325
P043,8,15.561010810403271,3.0109136358833037
P043,9,21.242751100112756,4.509729687554407
P043,10,26.523871620348107,5.062357790802142
P043,11,28.779495545119513,6.134454768027725
P043,12,30.011769875181052,6.05131859120926
P043,13,28.72171538417296,5.84691386247888
P043,14,26.15156780474695,5.102425874950683
P043,15,21.568808671889144,4.285955432968678
P043,16,15.108527429069898,3.068206145127367
P043,17,8.17718839205432,1.6920890862331819
P043,18,0.0,0.0
P043,19,0.06760282610672018,0.21101712836820577
P043,20,0.0,0.054212328565796934
P043,21,0.10850297562709653,0.0912343342960968
P043,22,0.15112081386372772,0.0
P043,23,0.1747187879952188,0.0
P044,0,0.0,0.010908694110493108
P044,1,0.0,0.02809433247348275
P044,2,0.0,0.0
P044,3,0.0,0.11899281077476877
P044,4,0.026155921261929064,0.1494786950844871
P044,5,0.21242673655700295,0.0
P044,6,0.0,0.0
P044,7,8.461012754556451,1.4043970926591323
P044,8,17.92002395415899,2.804462574364714
P044,9,15.460198359405828,2.52229652564879
P044,10,19.601418153556985,3.128563372436182
P044,11,21.59208184048942,3.532872431138024
P044,12,22.41944875119031,3.4178647478414215
P044,13,21.582236625564047,3.311656432391147
P044,14,19.235068472074182,2.7293593862133294
P044,15,24.567328233379392,4.102421876567529
P044,16,17.141724843319764,2.8031623629093865
P044,17,9.291209368038022,1.6070189689100522
P044,18,0.17053230187685056,0.0
P044,19,0.17987823398444813,0.0036611009299743185
P044,20,0.0,0.03222397591749019
P044,21,0.0,0.0
P044,22,0.0,0.0
P044,23,0.0,0.26188070042027356
P045,0,0.0,0.20989250119050765
P045,1,0.39392055467661446,0.0
P045,2,0.015160744678201827,0.07653414677544113
P045,3,0.05114917051212923,0.0
P045,4,0.0,0.0
P045,5,0.05927367661542235,0.27408922574355205
P045,6,0.739463290757305,0.0
P045,7,8.009415206404698,1.398713960489549
P045,8,15.45182604358704,2.7974890684638023
P045,9,11.401262949222259,2.2485972027764203
P045,10,13.011301049984969,2.585094660381079
P045,11,15.376529577209476,2.482458768564381
P045,12,15.787577056248887,2.829303949685574
P045,13,15.059648561325368,2.7364552645041327
P045,14,13.921343941159169,2.41635561195076
P045,15,22.144325360253678,4.031330562323956
P045,16,15.106227281751774,2.573474455214071
P045,17,7.90549843536472,1.3802441281547169
P045,18,0.0,0.07182281223196198
P045,19,0.0879807942400509,0.10193635277409617
P045,20,0.0849898255320471,0.022412921026379536
P045,21,0.0,0.0
P045,22,0.162033813504938,0.0
P045,23,0.0,0.11106106835658557
P046,0,0.0,0.005085117618818997
P046,1,0.12515713931476927,0.0
P046,2,0.0,0.0
P046,3,0.0,0.0
P046,4,0.0,0.21833712277340306
P046,5,0.0,0.12111927534186673
P046,6,0.0,0.0
P046,7,8.409911250888362,1.2451204417200856
P046,8,16.747040625192987,2.4507974461594286
P046,9,10.131745799072206,1.7358220345954292
P046,10,12.644225377921414,2.210763679636533
P046,11,13.878932521206325,2.056359607919448
P046,12,14.134570226299562,2.3936747796244275
P046,13,14.371282600396395,2.1513704838124124
P046,14,12.78937745931136,1.8932343139237526
P046,15,24.242178056005244,3.8133320695805493
P046,16,16.343113858885474,2.5353620892431157
P046,17,8.559250131854213,1.3576439803828948
P046,18,0.0,0.03724108993671749
P046,19,0.2968108314846394,0.0
P046,20,0.0,0.04326167230740924
P046,21,0.0,0.0
P046,22,0.36234279253830065,0.0
P046,23,0.0,0.0
P047,0,0.2635930529178129,0.0
P047,1,0.2286595202376634,0.15448238086954966
P047,2,0.0,0.0
P047,3,0.0,0.0
P047,4,0.0,0.03530823908220187
P047,5,0.0,0.0
P047,6,0.25893006785118927,0.0
P047,7,7.929023114064452,1.3599574329110826
P047,8,15.811931379286259,3.2475660529807056
P047,9,21.979679085505676,4.352383586120003
P047,10,27.032278796292566,5.383535739106921
P047,11,30.47394198320096,6.144618545365761
P047,12,30.970507977958903,6.11078833541171
P047,13,31.10139126733246,5.960418946099896
P047,14,26.97259267973216,5.227474215961398
P047,15,22.303241960168357,4.23881249603666
P047,16,16.12974300676858,2.971476899879014
P047,17,7.909083566757183,1.5357553845860175
P047,18,0.0,0.0
P047,19,0.0,0.043294822634756966
P047,20,0.0,0.0
P047,21,0.0,0.04794490138762147
P047,22,0.08546696777165967,0.0727501937284842
P047,23,0.062128158669885455,0.0
P048,0,0.34269793636150553,0.0
P048,1,0.0,0.012761854796998493
P048,2,0.0,0.0
P048,3,0.0,0.03305277439103181
P048,4,0.0,0.23547996543899505
P048,5,0.2764048808959489,0.010295557264157311
P048,6,0.4231704015015476,0.0
P048,7,8.80193263639582,1.4206675932916188
P048,8,16.383133153012324,2.874848778530623
P048,9,23.291771333913164,4.027014452036786
P048,10,28.04057467328184,5.340704168305513
P048,11,31.540029011828114,5.465738610283017
P048,12,32.242953064102714,6.078573769115619
P048,13,31.5083160731516,5.670520847185097
P048,14,28.259316712932005,5.123931844860061
P048,15,23.568560139567413,4.111731251871797
P048,16,16.23147519449745,3.219558722175165
P048,17,8.464601747519609,1.5567483753357954
P048,18,0.07108842471361682,0.11855677875642857
P048,19,0.0,0.19507902878940092
P048,20,0.0,0.02451082110336057
P048,21,0.38964339745411564,0.0
P048,22,0.0,0.0
P048,23,0.0,0.0
P049,0,0.20407961378864412,0.0
P049,1,0.34734445260720287,0.0
P049,2,0.0,0.0
P049,3,0.0,0.061816374153042954
P049,4,0.08476305783203793,0.08359564406707301
P049,5,0.0,0.0
P049,6,0.0,0.0605203377161876
P049,7,8.735944291708336,1.2383386097554725
P049,8,16.54891502859328,2.748695725089464
P049,9,23.53946383083198,3.5235091608918565
P049,10,27.972310361930344,4.5988688042907375
P049,11,31.467443934175794,4.707668378354534
P049,12,32.817905265397236,5.045896413888352
P049,13,31.34049642531667,4.879431716078252
P049,14,28.540593296786394,4.461139600809646
P049,15,23.513504291104454,3.7376083746073276
P049,16,16.191768306689994,2.3640694707910597
P049,17,8.483644097380543,1.1545451316893538
P049,18,0.43668560702433895,0.0
P049,19,0.5397814725056997,0.1980276295797626
P049,20,0.2237403753181211,0.04464074141956835
P049,21,0.17802875195808274,0.0
P049,22,0.0,0.0
P049,23,0.10776282013735228,0.17726420934922418
P050,0,0.16704625223249944,0.0
P050,1,0.0,0.0
P050,2,0.0,0.0
P050,3,0.0,0.0
P050,4,0.0,0.1774985715664735
P050,5,0.0,0.251085238311309
P050,6,0.17383277186017845,0.0
P050,7,8.048100418953974,1.649074598485149
P050,8,15.316992799351485,2.7055380517930954
P050,9,21.76732574145227,4.009646714068796
P050,10,26.84434654843154,5.024288923051589
P050,11,29.82118433085303,5.34617127451035
P050,12,30.52210632362649,5.508101640433119
P050,13,30.144453318237897,5.488094908434123
P050,14,26.872443237173343,4.646263926773991
P050,15,21.946532174713823,4.101658721439529
P050,16,15.713404949821326,2.8000678731029987
P050,17,7.7596970145680455,1.3516706728793058
P050,18,0.3641194313177563,0.0
P050,19,0.0,0.0
P050,20,0.2665796640992624,0.0
P050,21,0.2203347100462964,0.0
P050,22,0.0,0.0
P050,23,0.15087012147424075,0.0
P051,0,0.09788240125400563,0.07093756267882434
P051,1,0.009093497248302666,0.0
P051,2,0.0,0.09940887397789
P051,3,0.0,0.0
P051,4,0.24380682769319864,0.15050741463299103
P051,5,0.17337315413745297,0.01827220586622871
P051,6,0.009143655079699445,0.23178857546321147
P051,7,8.571725346654741,2.1263808409585825
P051,8,17.572294593636478,3.3377293471211607
P051,9,24.858286847482532,4.755656258572376
P051,10,30.869309732982178,5.866353361905689
P051,11,33.98313887125686,6.673619421756695
P051,12,34.27817022244815,7.015427267504571
P051,13,33.68403777203094,6.486342811604898
P051,14,30.72259921594759,5.960476320169709
P051,15,24.82826741879969,4.79962674662923
P051,16,17.522557217523357,3.5009822513477413
P051,17,9.289374788270734,1.9906668981339277
P051,18,0.0,0.0
P051,19,0.14342699898823677,0.0
P051,20,0.0,0.11158525153204396
P051,21,0.0,0.0
P051,22,0.24853635470853194,0.0
P051,23,0.0,0.11805462553074204
P052,0,0.3863947421405815,0.0446092280296662
P052,1,0.0,0.0
P052,2,0.07819884994512222,0.0
P052,3,0.0,0.0
P052,4,0.21595118726141713,0.10474812236343031
P052,5,0.43395118078397327,0.0
P052,6,0.0,0.22700044175335882
P052,7,8.434600022972468,1.4778057895776449
P052,8,17.021226977825595,2.6583930847867454
P052,9,24.390155007688545,4.034356093998117
P052,10,28.90222872557829,4.917729796008378
P052,11,32.38948639874787,5.259572393672204
P052,12,33.739407249312116,5.658170511169929
P052,13,32.47527570575716,5.209130957517169
P052,14,29.09203005523987,4.769007550525836
P052,15,23.32547562589189,3.9600368388995286
P052,16,17.114549142624544,2.8572791282691004
P052,17,8.869283189786245,1.5113298623757494
P052,18,0.0,0.0
P052,19,0.4371587279868739,0.1640546461037162
P052,20,0.5043276944791463,0.0
P052,21,0.0,0.0
P052,22,0.34996457729310176,0.0
P052,23,0.0,0.29099825872145024
P053,0,0.05433495306331824,0.0
P053,1,0.0,0.19374528401406702
P053,2,0.6642754570386827,0.0
P053,3,0.0,0.07318581676112794
P053,4,0.037934706847038695,0.044562517723625246
P053,5,0.0,0.24318403195893418
P053,6,0.5583946791709183,0.0
P053,7,9.54635684155481,1.2294986976883504
P053,8,17.838026108289352,2.6274183153391752
P053,9,24.821765902588826,3.9901664735485283
P053,10,29.861475000568834,4.448468527148819
P053,11,33.763561274601244,4.721282034714239
P053,12,34.69538186814352,5.298754919788439
P053,13,33.90892883233531,5.25197296723902
P053,14,30.383682480658663,4.429021409244406
P053,15,24.340054124661766,3.8676360251654507
P053,16,17.633095094761632,2.489508224339354
P053,17,9.184982782741171,1.3471145500286577
P053,18,0.0,0.11290234729290922
P053,19,0.24028099188883867,0.0
P053,20,0.0,0.027226999726133152
P053,21,0.0,0.18224602669383555
P053,22,0.0,0.07109011488170262
P053,23,0.0,0.0
P054,0,0.144017874026005,0.22780775290751906
P054,1,0.0,0.09875887678837351
P054,2,0.05695435086373928,0.0
P054,3,0.1730274198579216,0.12963654221013396
P054,4,0.5585417351008894,0.0
P054,5,0.0,0.029484532146369667
P054,6,0.0,0.15120060064398894
P054,7,9.00106204673108,1.4650139298885427
P054,8,17.5812911751266,2.742613868171291
P054,9,13.478692056062126,2.5792918430645533
P054,10,16.97933037179196,3.0570756644305233
P054,11,17.955700328461017,3.2017978326193917
P054,12,18.814815912422276,3.456308359130181
P054,13,18.64150232670422,3.159478224787281
P054,14,16.19649061076829,2.896933670264359
P054,15,24.024554714959322,4.206081446262704
P054,16,17.078735316795335,2.940111147473967
P054,17,9.153994852496892,1.6013500046011324
P054,18,0.0,0.0
P054,19,0.05108950864871826,0.0
P054,20,0.3098891841458417,0.047171920872510736
P054,21,0.0,0.2757151061942454
P054,22,0.0,0.0
P054,23,0.12053138476757211,0.07808295865986407
P055,0,0.0,0.0945223164641792
P055,1,0.417149934372224,0.0
P055,2,0.0,0.06157980216138777
P055,3,0.0,0.1320427618475671
P055,4,0.061705912488205256,0.08829790190736522
P055,5,0.0,0.0
P055,6,0.0,0.04998600547836431
P055,7,8.49003938857438,1.829782148775502
P055,8,16.76480304310145,3.232231853363321
P055,9,14.952787160983474,3.139474080861575
P055,10,18.133887362548407,3.754479007062966
P055,11,19.777653337230603,4.143265952127646
P055,12,20.934903467870708,4.771622883138723
P055,13,19.9349806982727,4.436881635720277
P055,14,18.133498689681954,3.6370137589130604
P055,15,23.363550586460004,4.981449575380026
P055,16,16.2018373656427,3.7043542454452485
P055,17,8.270574109182073,1.5798755710767487
P055,18,0.10650673632645896,0.011547471211073957
P055,19,0.0,0.018610908857924026
P055,20,0.0,0.0
P055,21,0.0,0.056932545691834445
P055,22,0.0,0.1674369585777188
P055,23,0.4704314384154629,0.22620713871287298
P056,0,0.0,0.0
P056,1,0.0,0.3752467552702669
P056,2,0.03049328630685302,0.0
P056,3,0.0,0.05343250647216934
P056,4,0.0,0.0
P056,5,0.0,0.01352739562453493
P056,6,0.07412321334189094,0.0
P056,7,8.983763716516746,1.495423872440464
P056,8,17.515407558303107,2.723023164396171
P056,9,11.402538780267143,1.6783196597876158
P056,10,13.896787923237467,2.0932127366292472
P056,11,15.35530511470632,2.7517435211044075
P056,12,16.349959521414963,2.615248689669011
P056,13,15.260754755567643,2.2065552905062162
P056,14,13.596532855489425,2.2898745390313593
P056,15,24.6426377057429,3.8486502543945047
P056,16,16.904738394361694,2.742745434576071
P056,17,9.68200169873972,1.5423754770791507
P056,18,0.023998014167747255,0.17748407605692754
P056,19,0.10437183489746564,0.0
P056,20,0.0,0.0
P056,21,0.0,0.0
P056,22,0.0,0.0895293271611394
P056,23,0.0,0.0
P057,0,0.18988852545294793,0.004387721955281314
P057,1,0.0,0.0
P057,2,0.3052503687252544,0.0
P057,3,0.7989547050359471,0.25569765088922025
P057,4,0.0,0.3586149247151586
P057,5,0.04569465407298726,0.05656381406137141
P057,6,0.11384461714965222,0.0
P057,7,8.422540521252733,1.402672672497251
P057,8,15.196436919618339,3.058072817434172
P057,9,21.277366601124303,4.467066707459311
P057,10,25.984043735952486,5.38704045350668
P057,11,29.387765570266822,6.036610185027111
P057,12,30.307948444543435,6.580579515920182
P057,13,30.008163541286493,6.132413921518672
P057,14,26.894904613843295,5.512031735312585
P057,15,21.215759828644735,4.384948528776462
P057,16,15.008003224065043,3.3487672561213158
P057,17,7.90122010984075,1.6101313924324194
P057,18,0.41916792676763254,0.0
P057,19,0.017103940911315372,0.0
P057,20,0.0,0.0
P057,21,0.0,0.0
P057,22,0.0,0.25268696190253487
P057,23,0.18074316283184463,0.27658480380029254
P058,0,0.0,0.0
P058,1,0.0,0.0
P058,2,0.34858014403682885,0.0
P058,3,0.0,0.0
P058,4,0.0,0.032612486353007016
P058,5,0.028498125406891374,0.0
P058,6,0.0,0.042079851083288766
P058,7,8.171616489893518,1.8407525769011046
P058,8,15.585198736467186,3.1019863887783905
P058,9,21.89653194226806,4.7619083786716
P058,10,26.811079773699007,5.539993026564568
P058,11,29.703541795478753,6.623237671326366
P058,12,31.004918433393698,6.766385625594843
P058,13,30.18868476470543,6.284003193571114
P058,14,26.537358778920172,5.504753372033091
P058,15,21.90448827775261,4.439396798348803
P058,16,15.801473782768243,3.392663890639896
P058,17,8.16981906757955,1.6837781336744864
P058,18,0.39284186890521766,0.13903003286279453
P058,19,0.0,0.33063434539434605
P058,20,0.0,0.0
P058,21,0.060195541186706114,0.0
P058,22,0.10877124450794554,0.02888403517989389
P058,23,0.41052658634180256,0.1717139417178446
P059,0,0.35644372041209516,0.0
P059,1,0.16102308690373843,0.005193710813886913
P059,2,0.2296170642511301,0.2055065491756485
P059,3,0.0,0.0
P059,4,0.0,0.03529769421586492
P059,5,0.035316365214273046,0.0
P059,6,0.29477203908833316,0.018623488645695456
P059,7,8.020008032666194,1.5235731135333996
P059,8,15.363210424024151,2.770758820175613
P059,9,21.244779342899022,3.7200707832590445
P059,10,26.09693796783175,4.666540398167891
P059,11,29.341233467165065,5.50269856057034
P059,12,30.062184226200063,5.524615022073415
P059,13,29.04149069975078,5.414757482659397
P059,14,26.26599669015052,4.779271615430371
P059,15,21.601377471960124,3.992971553812111
P059,16,15.053209620277519,2.6782156305018012
P059,17,7.474142933401546,1.3019787229307322
P059,18,0.0,0.1145546573772077
P059,19,0.06110162546792948,0.1691061015668334
P059,20,0.05745628915978944,0.0
P059,21,0.07237144129660442,0.0
P059,22,0.1563885871787269,0.0
P059,23,0.0017431675627350045,0.24297369074739728
P060,0,0.07951681345209358,0.08447031827523892
P060,1,0.0,0.0
P060,2,0.34462004487883163,0.0
P060,3,0.4297026093652505,0.0
P060,4,0.0,0.0
P060,5,0.0,0.0
P060,6,0.009817347462212273,0.0
P060,7,8.105505367226504,1.616802866921562
P060,8,16.351202604307417,3.167109143504587
P060,9,22.43060643406518,4.786096374733764
P060,10,27.147872220730957,5.536879266205146
P060,11,30.727932333337264,6.243885746390619
P060,12,31.70794401547018,6.44761799038221
P060,13,30.64025750733509,6.160682560390479
P060,14,27.931846616485824,5.6033604434753785
P060,15,22.468655403364703,4.575189931896109
P060,16,15.722227369745958,3.2401798276467413
P060,17,7.598996852937777,1.5421627741496742
P060,18,0.0,0.0
P060,19,0.39179097519815664,0.11404828130247864
P060,20,0.0,0.0
P060,21,0.0,0.024267286890188717
P060,22,0.0,0.02505555010895327
P060,23,0.2978065616738376,0.06260926961008756
P061,0,0.16374515236860454,0.08379763725207158
P061,1,0.0,0.0
P061,2,0.0,0.0
P061,3,0.0,0.0
P061,4,0.0,0.15265296191045383
P061,5,0.0,0.11553756719565994
P061,6,0.22907733018595672,0.09740470265062896
P061,7,8.644674764934688,1.6061543131224265
P061,8,15.51615854103428,2.8435497351753694
P061,9,22.960541051535525,3.961926337571537
P061,10,27.632877186839863,4.8200849794890805
P061,11,31.222481654137958,5.37672908469157
P061,12,31.954771579334544,5.917390068721056
P061,13,30.895605327335186,5.466159855816273
P061,14,27.7755145413537,5.1253749513404205
P061,15,22.35036527421905,4.027624925679273
P061,16,16.330095467522106,2.766346951482889
P061,17,7.9311425865055325,1.3203190643105054
P061,18,0.0,0.0
P061,19,0.15727940329295065,0.21273581743594353
P061,20,0.0,0.0
P061,21,0.2332593722444832,0.31751202322194755
P061,22,0.4127598519551869,0.0
P061,23,0.303763800316151,0.11249249559768681
P062,0,0.0,0.0
P062,1,0.037754090885807175,0.0
P062,2,0.3086047832089176,0.0
P062,3,0.0,0.0
P062,4,0.2170831761686625,0.0
P062,5,0.20023823449179362,0.0
P062,6,0.0,0.017939801732617368
P062,7,8.36599263926374,1.5260873420612135
P062,8,15.760181917493716,3.3849581080123254
P062,9,22.367681674391434,4.579752644389686
P062,10,26.86584417184614,5.679927670632827
P062,11,30.333330812228162,5.949017759536154
P062,12,30.84528159262978,6.285032322206852
P062,13,29.605192615056833,5.658049551260182
P062,14,27.19798641553401,5.383042486329304
P062,15,22.50274641980345,4.444524139329466
P062,16,15.754253623714261,3.1554130422488442
P062,17,8.096689020358452,1.6150455465053273
P062,18,0.0,0.00998888576275097
P062,19,0.0,0.0
P062,20,0.0,0.03843327541229672
P062,21,0.12650534047933334,0.07251598378950581
P062,22,0.0,0.20070381039432764
P062,23,0.22517605615073294,0.0553107088915396
P063,0,0.05879251015938079,0.0
P063,1,0.09509382533202197,0.16574128833464577
P063,2,0.266598826065288,0.0
P063,3,0.0,0.0
P063,4,0.19781417585608543,0.0
P063,5,0.0,0.0
P063,6,0.10185434514565199,0.0
P063,7,8.643305201681374,1.8199796844155838
P063,8,16.7986326259604,3.096058225808257
P063,9,24.170792422015865,4.47929971873094
P063,10,29.003740777899868,5.460896349823461
P063,11,32.891389372141,6.2428880343676685
P063,12,33.66177444407689,5.987766901290683
P063,13,33.214039815487745,6.070362724956598
P063,14,29.884333972338883,5.599359405170207
P063,15,23.88404763189508,4.416782248048996
P063,16,17.20033766162187,2.9908393017901487
P063,17,9.106777320978598,1.5314508177306596
P063,18,0.27074076675053915,0.0
P063,19,0.06433525019149233,0.0
P063,20,0.22029140266844904,0.0
P063,21,0.0,0.22623711047775025
P063,22,0.024936739697004003,0.0
P063,23,0.0,0.0
P064,0,0.0,0.06896708760754697
P064,1,0.010819017440888227,0.0
P064,2,0.10425911284742234,0.0
P064,3,0.3490526303864961,0.0
P064,4,0.07954665818966622,0.0
P064,5,0.19257916048846535,0.146351751815723
P064,6,0.19598495197486135,0.0
P064,7,9.032504439544626,1.718780532170588
P064,8,15.348873595752197,3.0211000622597664
P064,9,12.98317536830864,2.3533665619368414
P064,10,16.596057305039658,2.8894987623131883
P064,11,17.911663993908924,3.731938257466039
P064,12,18.91858925115997,3.5392054263000516
P064,13,18.086270773493816,3.582255595789333
P064,14,16.785401209655642,2.8295975999335092
P064,15,22.140600590056803,4.688887963722007
P064,16,16.258423482489615,3.169761378329827
P064,17,8.751118521417292,1.5331165776339915
P064,18,0.0,0.0
P064,19,0.2348610730744039,0.11018971924544936
P064,20,0.0,0.10157725300875704
P064,21,0.00904847176053747,0.02737939205961581
P064,22,0.0,0.001631813730334571
P064,23,0.0,0.08416006260388748
P065,0,0.12727027791356962,0.0
P065,1,0.04300175028186926,0.0
P065,2,0.44372369202172807,0.0
P065,3,0.18334309639486276,0.09068885170537573
P065,4,0.6872651772236287,0.0
P065,5,0.03211271462361415,0.0
P065,6,0.0,0.0
P065,7,8.07282036552866,1.3632360798684877
P065,8,15.570459660908917,2.559505512671036
P065,9,8.788836934445458,1.3831097225228637
P065,10,11.50920405650155,1.6537488708243473
P065,11,12.290171255342738,2.140837184580319
P065,12,13.501571780041033,2.117761399315018
P065,13,12.538509585532362,2.091035160046136
P065,14,11.306962657677415,1.8855263829606952
P065,15,22.00563386149299,3.727732776363528
P065,16,15.640855762874475,2.7173317453198944
P065,17,8.130187837225506,1.3628090297923878
P065,18,0.325343874921925,0.0
P065,19,0.0,0.003714530714370411
P065,20,0.14404384086671088,0.0
P065,21,0.8192601699670702,0.0
P065,22,0.11320521082896892,0.16379192569343626
P065,23,0.0,0.13551582937317055
P066,0,0.0,0.29825009903708943
P066,1,0.0,0.3420748959716412
P066,2,0.0,0.0
P066,3,0.08059842800513177,0.0
P066,4,0.031063241591817913,0.3767309395305214
P066,5,0.0,0.0
P066,6,0.0,0.036631635382012785
P066,7,8.78971565698711,1.4983101213187355
P066,8,16.237006652234793,3.3578457903257535
P066,9,9.415549794934353,2.2496552339936673
P066,10,11.358225682810671,2.593327471875437
P066,11,12.572044671139285,2.585726561586532
P066,12,13.842003638426565,2.712219045640131
P066,13,13.074998784752847,2.507589210940174
P066,14,12.003142383346757,2.2726591293224527
P066,15,23.591320961593155,4.430298234561161
P066,16,16.633114513368724,3.3225795443902757
P066,17,8.304160066763473,1.9529962160624854
P066,18,0.0434602993972706,0.05331478861406322
P066,19,0.0,0.20493584849485985
P066,20,0.0,0.16098741013889975
P066,21,0.10284454872078712,0.0
P066,22,0.0,0.0
P066,23,0.0,0.0
P067,0,0.0,0.0
P067,1,0.0,0.004849534919336193
P067,2,0.4564195493495766,0.0
P067,3,0.0,0.0887123263929579
P067,4,0.15357722730878248,0.010782140357831224
P067,5,0.0,0.070715979974226
P067,6,0.3679215431611152,0.1585524424422203
P067,7,8.294069635413717,1.4899623939712505
P067,8,15.70516309400888,3.0655158256199484
P067,9,21.19125075233679,4.082477295997521
P067,10,26.65299912189054,4.772165362486076
P067,11,29.88606811097311,5.41367197375323
P067,12,30.819082693650614,5.302366475930951
P067,13,29.849365428683075,5.314000064004286
P067,14,26.608487209002693,4.8285849286184765
P067,15,21.48801054914404,4.071126465788339
P067,16,14.843181346941028,2.7082259106904636
P067,17,7.753269891179993,1.273203603630259
P067,18,0.8034329620915215,0.0
P067,19,0.0,0.0
P067,20,0.0,0.29262777035518944
P067,21,0.2197948082187248,0.04066605523455492
P067,22,0.2566380026047934,0.14093691185327684
P067,23,0.3861973170456421,0.0
P068,0,0.1412935511120341,0.0
P068,1,0.2536804543400854,0.0
P068,2,0.5520651404525972,0.0
P068,3,0.0,0.0
P068,4,0.0,0.0
P068,5,0.0,0.0
P068,6,0.0,0.0
P068,7,9.232717361737604,1.0720918584251493
P068,8,17.16391296220897,2.7299665651313174
P068,9,24.196005646101973,3.8061916297065235
P068,10,28.908584555794615,4.770041035631324
P068,11,32.644132647908336,5.023391361609847
P068,12,33.46028761391159,5.4870254322568295
P068,13,33.203462432875725,5.419350853170746
P068,14,29.930070882259756,4.692518765322334
P068,15,24.283268078461326,3.707820468806841
P068,16,16.709456638163232,2.7082806078262407
P068,17,9.247297383874798,1.2919762026295383
P068,18,0.0,0.0
P068,19,0.0,0.10248905842549887
P068,20,0.0,0.0
P068,21,0.0,0.18076434801750435
P068,22,0.01487355614541198,0.0
P068,23,0.0,0.0
P069,0,0.0,0.0
P069,1,0.36399492275569256,0.0
P069,2,0.0,0.12216373479248865
P069,3,0.0,0.32785674969212314
P069,4,0.3330907085948292,0.0
P069,5,0.0,0.0
P069,6,0.0,0.0
P069,7,8.242793219100129,1.2132420077747952
P069,8,15.753792964064527,2.788242694490884
P069,9,21.338150958439947,3.4854265861631837
P069,10,26.28978486763383,4.312961615647426
P069,11,28.993827334799605,4.722347518219374
P069,12,30.374400983471872,5.125597599188988
P069,13,29.195115170036516,4.898316221719372
P069,14,26.27293733799848,4.230174819410474
P069,15,21.599557280314542,3.4592742245294565
P069,16,14.85693296579017,2.770715147135097
P069,17,7.752503583350744,1.3201081553551686
P069,18,0.0,0.015252809317095275
P069,19,0.0,0.015848073753909207
P069,20,0.0,0.20919380823167644
P069,21,0.06869472751832342,0.0
P069,22,0.07187296210896262,0.0
P069,23,0.27117682522105674,0.0
P070,0,0.0,0.0
P070,1,0.0,0.0
P070,2,0.15868738091775608,0.1570012240921406
P070,3,0.0,0.11403202444951761
P070,4,0.05499006363149794,0.14056003126530467
P070,5,0.0,0.0
P070,6,0.47184439227515435,0.0
P070,7,9.116832748169445,1.3317540958844967
P070,8,17.40147053558737,3.2306831245356875
P070,9,25.070691924411403,4.5356805604150185
P070,10,29.93508730035712,5.516171763338479
P070,11,33.48204979689442,6.211760328261892
P070,12,34.555998232906056,6.245102175399969
P070,13,33.484560919216065,6.20467891572231
P070,14,30.27244258513863,5.323512426984457
P070,15,24.850561222867768,4.1061311653492725
P070,16,17.755643847111553,3.2200016447742588
P070,17,8.494279811780899,1.3293805512388985
P070,18,0.0,0.025530307424005548
P070,19,0.0,0.14329857031863832
P070,20,0.0,0.048638819405279546
P070,21,0.700249074038112,0.3417364605873413
P070,22,0.08755852860000449,0.0
P070,23,0.26983949134447377,0.0
P071,0,0.588207381648314,0.002618319787898375
P071,1,0.3382074729524274,0.0
P071,2,0.0,0.0
P071,3,0.0,0.0
P071,4,0.0,0.0
P071,5,0.0,0.0
P071,6,0.0,0.0
P071,7,8.83620712113635,1.6925146053819922
P071,8,17.01037781265944,3.274978931772741
P071,9,24.474236011202947,4.581021459788598
P071,10,29.2161511336349,5.442183982253296
P071,11,32.791467039764306,6.181254308018078
P071,12,33.66157822207622,6.510398061111076
P071,13,32.96938145228151,6.2054176507900305
P071,14,29.287294715428914,5.782549573197523
P071,15,23.591723518468143,4.641081463845769
P071,16,16.92657037674209,3.435325422739551
P071,17,8.881086491219017,1.2709768785781328
P071,18,0.07658201622407303,0.014501418171035617
P071,19,0.3137690146487608,0.0
P071,20,0.0,0.0
P071,21,0.0,0.0
P071,22,0.19193619953866117,0.05942991005762695
P071,23,0.0,0.0
P072,0,0.07214137479906206,0.06051552943069361
P072,1,0.0,0.0
P072,2,0.8147839716938646,0.0
P072,3,0.0,0.06577526543486066
P072,4,0.3581868779964834,0.011816659179950012
P072,5,0.0,0.15808813671096802
P072,6,0.12440955861926603,0.0
P072,7,8.46930426168706,1.2905758697668983
P072,8,15.846531009597944,2.6499037964795282
P072,9,21.854432971395457,3.6131726001355466
P072,10,26.800649957609703,4.42269711943192
P072,11,30.238567801139492,5.027880784929789
P072,12,31.693551728956454,4.972239290525283
P072,13,29.99518263540422,4.769149724603963
P072,14,27.428345347390312,4.445243646952352
P072,15,21.843345142174968,3.536577915671174
P072,16,15.782377312888368,2.6849183640825127
P072,17,8.352075096457673,1.3581477331667269
P072,18,0.0,0.0
P072,19,0.0,0.050757604021671274
P072,20,0.3436167565642058,0.0
P072,21,0.0,0.14203927025355845
P072,22,0.0,0.0
P072,23,0.0,0.18330979112942775
P073,0,0.0,0.04813147667768657
P073,1,0.25698513138770324,0.0
P073,2,0.15451280198285633,0.11450012264008147
P073,3,0.21469747342736728,0.07669899662435324
P073,4,0.12641394332942477,0.1995572528487091
P073,5,0.0,0.19815926075302007
P073,6,0.2091308567724817,0.05284356662494295
P073,7,8.12645364646159,1.4284084950116662
P073,8,15.189156257644797,2.930866708232344
P073,9,21.36762383990721,4.24899582130495
P073,10,25.774557230120518,5.379356468259142
P073,11,29.0679896900918,5.750458983193979
P073,12,29.781538186783404,5.968245038534041
P073,13,28.997236208975277,6.096169546784714
P073,14,25.51259359032413,5.20145343739322
P073,15,20.74295954702183,4.164533070636707
P073,16,14.956490985824894,3.128589962558402
P073,17,7.6071855969319095,1.5507539557739665
P073,18,0.03203615804225572,0.0
P073,19,0.0,0.15613711242110606
P073,20,0.00905723616304651,0.0
P073,21,0.18258223270702215,0.006537839758436395
P073,22,0.0,0.0
P073,23,0.0,0.03451517602047947
P074,0,0.4365063668289491,0.0
P074,1,0.0009252380475080886,0.0
P074,2,0.0,0.16872555901735528
P074,3,0.02475380979695681,0.18981682798374808
P074,4,0.0,0.0
P074,5,0.0,0.13808973640677236
P074,6,0.0,0.0
P074,7,8.590826692183711,1.3551582271174825
P074,8,17.30052932716832,2.6781981202290495
P074,9,23.907323388463315,3.8721678594936804
P074,10,29.465336297223438,4.872634177708349
P074,11,33.126371944647424,5.306873049467811
P074,12,33.99378979103088,5.434071786347299
P074,13,33.10615945356065,5.412282054019177
P074,14,29.049575765045066,4.602030000729663
P074,15,24.05653996101627,3.8442646865176773
P074,16,17.062322400116635,2.8758629594545666
P074,17,8.826797711158171,1.490733997794162
P074,18,0.0,0.0
P074,19,0.3609337939292413,0.0
P074,20,0.0,0.0466287286192217
P074,21,0.10051113757874026,0.0
P074,22,0.0023892847941991337,0.0
P074,23,0.3011128571432033,0.17684225988550015
P075,0,0.6562466488122619,0.0895137969452774
P075,1,0.0,0.0
P075,2,0.0,0.03006772565104756
P075,3,0.05672774815171559,0.0
P075,4,0.0,0.0
P075,5,0.23465478238672802,0.050253194370315356
P075,6,0.25301178664711754,0.0
P075,7,8.847146789665857,1.5552311307964846
P075,8,16.838117884881896,3.163779558173457
P075,9,24.123234174818165,4.354063336568654
P075,10,28.694856552150636,5.4619594466523305
P075,11,32.411214066897344,5.987008519351796
P075,12,33.312645858619014,6.209576361725519
P075,13,32.65860850806413,6.224946718190615
P075,14,28.49154184729937,5.611799817029389
P075,15,23.703896381749338,4.191647879132484
P075,16,16.86771496574002,3.257233716986432
P075,17,8.39506442637522,1.8378498872863265
P075,18,0.0,0.23360652261053722
P075,19,0.0046136944116317025,0.07805695888276783
P075,20,0.28652891383244283,0.0
P075,21,0.0,0.09449712605213018
P075,22,0.0,0.0
P075,23,0.3376763313121032,0.0
P076,0,0.0,0.05746232355672283
P076,1,0.0,0.0
P076,2,0.21860543916507474,0.0
P076,3,0.0,0.06986599777362348
P076,4,0.30822646060163217,0.28008363064684727
P076,5,0.0,0.18648514957191956
P076,6,0.0,0.10607792775751423
P076,7,8.991467548218552,1.5312317461570808
P076,8,16.754639658750342,2.7700243535822784
P076,9,24.017448992496938,3.849610309065571
P076,10,29.117791466821085,4.766931209032986
P076,11,33.09311658639529,4.96122474166468
P076,12,34.1156694214358,5.37865565292642
P076,13,32.10018016574516,5.154336974536207
P076,14,29.294128853229797,4.643973957764875
P076,15,23.545711800043037,3.7129194424421446
P076,16,16.879970001740286,2.752439605721126
P076,17,8.728487237395017,1.2616647293654808
P076,18,0.0,0.0
P076,19,0.3175453630590974,0.0
P076,20,0.06099088307072245,0.12959199559048035
P076,21,0.0,0.0
P076,22,0.0,0.0
P076,23,0.04193309092987065,0.0
P077,0,0.12237750525428562,0.000582092502061059
P077,1,0.0,0.24332623783047805
P077,2,0.0,0.0
P077,3,0.005067214872745102,0.10132649965196781
P077,4,0.0,0.07077935070465118
P077,5,0.0,0.0
P077,6,0.0,0.220030993523203
P077,7,8.337719335777518,1.732642984346657
P077,8,17.298712413299416,3.114777742618002
P077,9,23.844028302661766,4.2337554270206965
P077,10,29.201462032664875,5.561238311357249
P077,11,32.84748173789502,6.157706504913794
P077,12,33.74517457650799,6.227268536515014
P077,13,33.33386635088467,6.0078761811068455
P077,14,29.238554752393654,5.65714276625031
P077,15,24.04959352053999,4.219313189814487
P077,16,17.21945826612792,3.2380801513634205
P077,17,9.243344593983437,1.623635370417928
P077,18,0.0,0.07457322425301667
P077,19,0.0,0.0
P077,20,0.38237756258805444,0.04399124478904718
P077,21,0.24301869121580738,0.0
P077,22,0.32255278070053756,0.0
P077,23,0.0,0.07336258172261138
P078,0,0.4643999261772056,0.022630780691320525
P078,1,0.0,0.057046026360231636
P078,2,0.05768789344256879,0.0
P078,3,0.0,0.0
P078,4,0.0,0.0
P078,5,0.0,0.0
P078,6,0.0,0.20378743044267422
P078,7,7.896097705175646,1.4411573582560444
P078,8,14.727515902265186,2.715201427335712
P078,9,21.13484613382922,4.163707130897603
P078,10,26.23597409715416,5.201968802512639
P078,11,28.54374044563677,5.387562671528567
P078,12,30.603917172283655,6.069392305808789
P078,13,28.6124165455827,5.639020939654874
P078,14,26.2781731432138,5.1550559061577275
P078,15,21.479496580333578,4.302521022976512
P078,16,15.346530145389766,3.0326279927066984
P078,17,7.847887942642493,1.4777038320352485
P078,18,0.6053723891499754,0.18265472162871296
P078,19,0.06489506447055021,0.038189965480637904
P078,20,0.316083719773098,0.16357270873614596
P078,21,0.0,0.17998132256710245
P078,22,0.03622704185684031,0.0
P078,23,0.46427102850867785,0.11914516979655095
P079,0,0.0,0.0
P079,1,0.05767042925856928,0.020728595517602224
P079,2,0.29425603474124257,0.01906391232641965
P079,3,0.0,0.013045532636303722
P079,4,0.0,0.22852879683435584
P079,5,0.07667209611371066,0.0
P079,6,0.2966007508074008,0.0
P079,7,7.823026411427072,1.4889888371702413
P079,8,16.09723029054388,3.5971016283271204
P079,9,22.683661089181445,4.744254536505675
P079,10,26.850915372325744,5.972418922814871
P079,11,30.42814472415222,6.622044939587215
P079,12,31.67358000850186,6.7405037063774715
P079,13,30.65514411380368,6.766974093839257
P079,14,27.310023970629945,5.933471507155032
P079,15,22.24147033190493,4.824609898730068
P079,16,16.397609188715304,3.4716606848977714
P079,17,8.196192401336997,1.8870981606458113
P079,18,0.0,0.0
P079,19,0.0,0.130937752099993
P079,20,0.16112724991834307,0.21747802796600244
P079,21,0.015487913013362388,0.0
P079,22,0.0,0.04174484686917473
P079,23,0.0,0.0
P080,0,0.0,0.10488458710802101
P080,1,0.0,0.0
P080,2,0.10164438024322106,0.24434073384653632
P080,3,0.0,0.0
P080,4,0.11798076704106657,0.0
P080,5,0.423898426688049,0.065144411399304
P080,6,0.09771220734395993,0.0
P080,7,7.803641291116589,1.2387710721349745
P080,8,14.900234583296433,2.670856289640571
P080,9,22.096294466569518,3.7416818782530163
P080,10,26.131484563660347,4.569211006700167
P080,11,29.79194798433052,5.224102471377729
P080,12,30.770900655803995,5.2158709842777835
P080,13,29.46634879309858,5.1432380921271355
P080,14,26.403596217705825,4.492329860046524
P080,15,21.072149041983764,3.6026184673799437
P080,16,15.388692149056608,2.59480714987249
P080,17,8.10049484951048,1.2904665263244866
P080,18,0.0,0.0
P080,19,0.0,0.17479911267032422
P080,20,0.011358574502685057,0.0
P080,21,0.17537178838487041,0.0
P080,22,0.001140922836956226,0.004211816107198589
P080,23,0.0,0.015634190869261128
P081,0,0.0,0.0
P081,1,0.06738773561670584,0.0
P081,2,0.2524585026119277,0.0
P081,3,0.0,0.0
P081,4,0.6562949623650058,0.10882925595569781
P081,5,0.0,0.020500780674432388
P081,6,0.0,0.18419060210779958
P081,7,8.856599294576968,1.4688951067201397
P081,8,17.09753381562312,3.107479443107268
P081,9,23.89509216316184,3.9487583131973687
P081,10,29.852468102366906,4.805436910518595
P081,11,33.25757245312527,5.570614126577126
P081,12,34.32990556317243,5.88674499272027
P081,13,33.24579739670865,5.281698229672796
P081,14,29.590976654606965,4.891322670461217
P081,15,23.779525977073725,3.9262572734942367
P081,16,16.942766603673306,2.86249400299907
P081,17,8.928625750047642,1.4721468486283742
P081,18,0.048823324453922984,0.20180718714415882
P081,19,0.01241371577575435,0.0
P081,20,0.16461248039550946,0.20621761484553436
P081,21,0.0,0.0
P081,22,0.008004317133160787,0.13897228126578245
P081,23,0.1716278335214764,0.03429945422050787
P082,0,0.0,0.2594828098025167
P082,1,0.0,0.0
P082,2,0.0,0.0
P082,3,0.24925569728381,0.27474334269875794
P082,4,0.4177416488827718,0.0
P082,5,0.3525849323472147,0.0
P082,6,0.0696467849226105,0.0
P082,7,8.210238702469107,1.5251003358164825
P082,8,16.55633985003703,2.42545487925682
P082,9,23.885571636084748,3.6993772604830597
P082,10,28.865268687489696,4.4868256497575585
P082,11,31.92583032276858,5.2043204785035
P082,12,33.305078203990156,5.142394643131432
P082,13,31.607255017589058,5.111134027844826
P082,14,28.4710207599983,4.3509864970180505
P082,15,23.091637679192928,4.037100854442992
P082,16,16.699116862573423,2.5775346725425323
P082,17,8.785409532990151,1.35414796506923
P082,18,0.0,0.24821315382758194
P082,19,0.0,0.0
P082,20,0.0,0.2501073514407925
P082,21,0.0,0.0
P082,22,0.0,0.10075472757318889
P082,23,0.10169810559277391,0.0
P083,0,0.0,0.0
P083,1,0.0,0.062189152581092366
P083,2,0.0,0.09598551014752991
P083,3,0.0,0.0
P083,4,0.07425357497286131,0.0
P083,5,0.04512163145284918,0.180113844230536
P083,6,0.030156028352448586,0.09001784261949151
P083,7,8.36910440291297,1.7134696138355014
P083,8,16.184832718966756,3.335064763033394
P083,9,22.20542466262161,5.135484810712348
P083,10,27.535535834627126,5.714703536744936
P083,11,30.10200487681637,6.607120239883951
P083,12,32.068103048142255,6.6296827055030345
P083,13,30.202440157572685,6.813222222771883
P083,14,27.200568255743477,5.930674805384116
P083,15,22.20379176774922,4.869974274657547
P083,16,15.369363763114956,3.8400274647227035
P083,17,8.202557580391565,1.6837309627426515
P083,18,0.06417116046044838,0.2622863871087809
P083,19,0.0,0.0
P083,20,0.0,0.0
P083,21,0.5950158704555134,0.3957262884930899
P083,22,0.1647692389504944,0.0
P083,23,0.7902666130949876,0.0
P084,0,0.0,0.042287818218946824
P084,1,0.28736466845309294,0.0
P084,2,0.23378216621824904,0.05506437626007905
P084,3,0.0,0.0
P084,4,0.4233152703177672,0.33233169243071464
P084,5,0.0,0.08351037582539035
P084,6,0.0,0.0
P084,7,6.80539294314071,1.7669215131620393
P084,8,15.281604291837846,3.2573948797559242
P084,9,21.04026316453309,4.739122041912319
P084,10,26.090761484676133,5.713157247872653
P084,11,28.976872157136533,6.840586389627127
P084,12,30.207922289634638,6.650971014485229
P084,13,29.41790211782527,6.627653263945344
P084,14,26.259320312299423,5.801201441176184
P084,15,21.65080852518956,4.602517142401845
P084,16,15.538584736390744,3.406986748815906
P084,17,7.736183129718881,1.8083432684213185
P084,18,0.0,0.08379397991317791
P084,19,0.2873182960986029,0.0
P084,20,0.31111418662197887,0.0
P084,21,0.2221772604309141,0.14363320785328268
P084,22,0.0,0.0
P084,23,0.1267965196504811,0.030441607546516668
P085,0,0.03284118121418671,0.0
P085,1,0.31575868240489896,0.10974016532376601
P085,2,0.0,0.13969043939933612
P085,3,0.0,0.109786485925855
P085,4,0.20707104011408173,0.15488352185303958
P085,5,0.0,0.2345850217349299
P085,6,0.0,0.0
P085,7,7.860053437431198,1.3093148473947525
P085,8,15.468475403017429,2.8925731632607246
P085,9,22.087982536881306,4.069851419923725
P085,10,27.692567138126787,4.675743580476069
P085,11,30.725870694696432,5.216351181416723
P085,12,31.47939240398056,5.418051231940735
P085,13,30.819791110552238,5.087169846608968
P085,14,27.008665920651396,4.586183346185749
P085,15,21.95320696244369,3.7132245573935805
P085,16,16.03653480206313,2.7138268566443102
P085,17,8.340905059623488,1.4682411144425513
P085,18,0.0,0.06502092474635651
P085,19,0.0,0.0
P085,20,0.43791956251138203,0.0
P085,21,0.0,0.01854922427268919
P085,22,0.0,0.0
P085,23,0.0685729582553692,0.14391607981246335
P086,0,0.5406494425294337,0.19280779185214061
P086,1,0.11493006362196609,0.0
P086,2,0.14409139590398962,0.0
P086,3,0.0,0.18649683372677542
P086,4,0.17054406758237947,0.0
P086,5,0.03159279626372607,0.08823681689274444
P086,6,0.0,0.0
P086,7,8.423269993574698,1.8691742149395738
P086,8,16.10407632202092,3.2334959902719023
P086,9,12.550777191574461,2.5420719752124317
P086,10,15.0863232080394,3.0977248054678443
P086,11,16.528602296423465,3.277051081393892
P086,12,16.715885278988225,3.4093714603115988
P086,13,16.86257144298879,3.475704987777045
P086,14,15.400907448261917,3.0317407490728505
P086,15,12.608427417653038,2.2832819582527875
P086,16,16.05778015808502,3.440949709727895
P086,17,8.163126243961955,1.782438886762099
P086,18,0.326239252209453,0.005643948576753619
P086,19,0.27724854715677083,0.0
P086,20,0.0,0.029801378629512414
P086,21,0.20297940498475417,0.07762801487361408
P086,22,0.0,0.0
P086,23,0.16200726948507663,0.316852456422863
P087,0,0.0,0.0
P087,1,0.0,0.0
P087,2,0.31746211408317226,0.005230032416871907
P087,3,0.28126803666142947,0.29952753280332767
P087,4,0.1900834621727494,0.0
P087,5,0.026390646315849132,0.23827609415304435
P087,6,0.0,0.06100912041916709
P087,7,8.686288443505463,1.5728378351670311
P087,8,16.960270396002105,3.3374283204166355
P087,9,15.054771834059489,2.982231163762041
P087,10,18.420979876645784,3.5116331927564213
P087,11,21.21766465007418,4.1517448337423035
P087,12,21.499443912027093,4.245966666627765
P087,13,20.920777084520786,4.181549674140249
P087,14,18.86696757297407,3.7032466824318044
P087,15,14.914760685375846,2.902342037467168
P087,16,16.881977672659414,3.432472299044762
P087,17,9.104644573310607,1.6234608224598879
P087,18,0.5457669549899204,0.0
P087,19,0.011980919164407135,0.01929794219313253
P087,20,0.0,0.0
P087,21,0.08070722044126,0.05731957565949521
P087,22,0.07309111410825632,0.29983076039095713
P087,23,0.416027419839346,0.3041609539722087
P088,0,0.0,0.0
P088,1,0.0,0.0
P088,2,0.0,0.0877024922876883
P088,3,0.0,0.0
P088,4,0.1129722045417373,0.05876647835204138
P088,5,0.24295735249110792,0.0
P088,6,0.0,0.03760386240341284
P088,7,8.82125986943888,1.4596921904652174
P088,8,16.92736727552762,3.2328388240041814
P088,9,14.543207013318959,2.4822769150357096
P088,10,17.121785883031347,3.247707124071672
P088,11,18.88160361164223,3.3220269096737405
P088,12,19.44563278049669,3.7527989250647362
P088,13,18.742995010499502,3.366784391761338
P088,14,17.475796038800116,3.187718264757604
P088,15,13.508266610902249,2.7242537146508
P088,16,16.959218224083386,3.0252033768159445
P088,17,8.329099123970655,1.4271132766973502
P088,18,0.0,0.07452187607038895
P088,19,0.0,0.0
P088,20,0.0,0.0
P088,21,0.2795939264878725,0.03981939892435909
P088,22,0.5440031855948326,0.2041014054161558
P088,23,0.0,0.003983003069920323
P089,0,0.0,0.003428626476768526
P089,1,0.0,0.1106269340434277
P089,2,0.16231702904779133,0.00755578450094952
P089,3,0.0,0.0953295299749347
P089,4,0.4161772233157787,0.16178003190944204
P089,5,0.3439871749685782,0.0
P089,6,0.0,0.0
P089,7,9.06899957693004,1.4455734753309828
P089,8,17.674133627633665,3.210952879981301
P089,9,24.20153988502054,4.279508219952907
P089,10,29.7342265201569,5.196639190253851
P089,11,33.10427219665231,6.02785322551184
P089,12,34.28394102822458,6.044102419277529
P089,13,32.762147830434884,5.5389554956689855
P089,14,29.42401149625546,5.021713421741786
P089,15,24.37321628437178,4.347370140285092
P089,16,17.672111248836647,3.0196169371167967
P089,17,8.728700883502114,1.7864610111931873
P089,18,0.0,0.0
P089,19,0.5104563211262204,0.0
P089,20,0.0,0.0
P089,21,0.0,0.0
P089,22,0.0,0.0
P089,23,0.0,0.0
P090,0,0.0,0.0
P090,1,0.0,0.0
P090,2,0.2845339049584606,0.3224329895599214
P090,3,0.0,0.27502268657654716
P090,4,0.026273465686076733,0.0
P090,5,0.11878070268803192,0.0
P090,6,0.0,0.0
P090,7,8.431370210065813,1.4757637042116212
P090,8,16.239735491683433,2.612779679893026
P090,9,22.638916927318462,3.7559183507263016
P090,10,28.475087491318796,4.986410720085583
P090,11,31.63272479776035,5.258219143629393
P090,12,32.7180480449821,5.583042109655264
P090,13,31.562500469700645,5.157306024623022
P090,14,27.553018878885332,4.740486405879985
P090,15,23.160554027737582,3.8271139427699836
P090,16,16.377217741169723,2.6405463050799582
P090,17,7.914705348660367,1.592582245214283
P090,18,0.0,0.0
P090,19,0.0830380347975865,0.04500852382669343
P090,20,0.4992951294373905,0.0
P090,21,0.21741715736827763,0.06222367230538115
P090,22,0.0,0.0
P090,23,0.5086165375355889,0.13007895928784088
P091,0,0.01313392881416673,0.0
P091,1,0.0,0.17363297875129677
P091,2,0.0,0.0
P091,3,0.0,0.0
P091,4,0.0,0.10203231838542351
P091,5,0.14924557719169734,0.0
P091,6,0.0,0.0
P091,7,8.045473438917428,1.3921589769962837
P091,8,15.039668293571497,2.744092125097554
P091,9,21.59375457278247,3.8595214639123334
P091,10,26.59358248716081,4.434632960697333
P091,11,29.61226890592794,5.031287575589628
P091,12,30.116331702775796,5.1937859870307355
P091,13,29.423668857547543,5.23296026202647
P091,14,27.00185926827201,4.369812455731302
P091,15,21.4882991247666,3.597502185027633
P091,16,15.303727878079304,2.467894721388428
P091,17,7.893310970578484,1.1249161859655215
P091,18,0.4704719276758991,0.03716807715781293
P091,19,0.3871104366584011,0.24019474976663813
P091,20,0.24225929994564283,0.0
P091,21,0.0,0.0
P091,22,0.107754914757624,0.028028955334810264
P091,23,0.17038252292253953,0.08836772681589836
P092,0,0.0,0.0
P092,1,0.0,0.21053029979312657
P092,2,0.5115042441621089,0.0
P092,3,0.0,0.0
P092,4,0.4844930456733445,0.04439818572644429
P092,5,0.29912812664836014,0.05894456289267406
P092,6,0.12236303471259642,0.007084213844724113
P092,7,8.8233374577505,1.5667652886078607
P092,8,16.362986099958253,3.7479174685842755
P092,9,23.79693699800343,4.768993111948274
P092,10,29.49430876168734,5.900690424836473
P092,11,32.626884441851445,6.655431040142569
P092,12,33.612524942234295,6.698955711509225
P092,13,32.93606374964087,6.571455839297239
P092,14,29.01369042099462,5.782571761400781
P092,15,23.549037861546605,4.866721210426324
P092,16,16.82926154288096,3.3558123606699906
P092,17,8.917518237276141,1.7988360560571348
P092,18,0.0,0.0
P092,19,0.08546059304712522,0.0
P092,20,0.24310350466089303,0.0
P092,21,0.0,0.0
P092,22,0.3320894298907925,0.0
P092,23,0.19235599872332104,0.0
P093,0,0.6424149355533232,0.0
P093,1,0.0,0.02263664454376042
P093,2,0.2492129551488268,0.006691158665143407
P093,3,0.0,0.18856196527216054
P093,4,0.0,0.3891465277161167
P093,5,0.0,0.17063085197259523
P093,6,0.16149720671907797,0.0
P093,7,8.804374026315356,1.6861772965522808
P093,8,16.758247304333715,3.5307175135166866
P093,9,23.37093346992327,4.556415629992827
P093,10,29.06794202029961,5.842416403057015
P093,11,32.65331232454292,6.533380302930937
P093,12,34.041876053122415,6.888455837049483
P093,13,32.64712369716599,6.6611831951086335
P093,14,29.350676110952804,5.778012760922585
P093,15,23.790145055815916,4.746761434922975
P093,16,17.426729882300386,3.4671836953882353
P093,17,8.443624758833664,1.640347810620951
P093,18,0.0,0.18091776521614328
P093,19,0.0,0.09137628501603616
P093,20,0.16281131939301718,0.02572643222922651
P093,21,0.0,0.05864108974213792
P093,22,0.04071557716439959,0.0
P093,23,0.0494730430279672,0.0
P094,0,0.0,0.0
P094,1,0.09899383828705706,0.07499500383897742
P094,2,0.0,0.030152247106298016
P094,3,0.0,0.0
P094,4,0.02988172695643219,0.11243726149614829
P094,5,0.0,0.0
P094,6,0.0,0.0
P094,7,8.650767484878445,1.6599638811563453
P094,8,16.71788397670109,2.9811470305298413
P094,9,23.057577062622535,4.177791010676409
P094,10,28.21074247620443,5.4259252229306
P094,11,31.990196060662065,5.954075158871699
P094,12,32.46272452244781,6.228079761646058
P094,13,31.27952370545335,5.9076772902066645
P094,14,28.623454598946317,5.608030730220777
P094,15,23.200329454183986,4.3316506615775445
P094,16,16.72265601571081,3.0683015505476456
P094,17,7.848837731006018,1.6784951448990537
P094,18,0.0,0.0
P094,19,0.00429961795324695,0.0
P094,20,0.12530210954513596,0.05714292535401193
P094,21,0.2540991263068375,0.0
P094,22,0.0524453306426333,0.0
P094,23,0.049396546607570695,0.09050597594209803
P095,0,0.0,0.0
P095,1,0.4772714714713553,0.0
P095,2,0.0,0.0
P095,3,0.10770604576678167,0.045515577937473586
P095,4,0.0,0.19981142890751608
P095,5,0.1604335637415029,0.0
P095,6,0.0,0.016898653312596854
P095,7,8.985421009231876,1.5980782253566204
P095,8,16.961049433933756,2.7758081289528342
P095,9,24.462375792664734,3.8453380783379445
P095,10,29.234842035975174,4.980488371367112
P095,11,32.82875017524313,5.63483241906256
P095,12,33.6209390156346,5.811637908744222
P095,13,32.61489243843648,5.539470794243219
P095,14,29.350872773989963,4.9320309029392995
P095,15,23.48081806394572,3.880142551174683
P095,16,16.50213076963097,2.9688165336002914
P095,17,8.94223408963244,1.591083481076545
P095,18,0.0,0.0
P095,19,0.0,0.05467195917697367
P095,20,0.0,0.09792358132796779
P095,21,0.0,0.132317065811326
P095,22,0.03376521450246858,0.0
P095,23,0.13351075923485692,0.0
P096,0,0.0,0.0
P096,1,0.4238502170309676,0.0
P096,2,0.40251022888259774,0.0
P096,3,0.0,0.0
P096,4,0.3257780088968392,0.32175546311530606
P096,5,0.31656565539931275,0.13420157136571975
P096,6,0.00013364825626353496,0.14543221003336454
P096,7,8.014439290144466,1.5455622764205759
P096,8,16.539057418410493,2.7941119276123825
P096,9,13.946189011538486,2.418997503029524
P096,10,17.33382107386558,2.9856667567262525
P096,11,19.815467186752752,3.389075483688521
P096,12,19.90078634241047,3.537773579869805
P096,13,18.87464139764865,3.360946786935429
P096,14,17.068438122243982,2.9696573800972756
P096,15,13.7817247233554,2.3711886522790375
P096,16,16.36453590614553,2.6403122609451724
P096,17,8.161769609084995,1.6673662775534157
P096,18,0.0,0.33082943523981284
P096,19,0.0,0.17990051713923763
P096,20,0.0,0.0
P096,21,0.05302643799061488,0.11805248544613375
P096,22,0.0,0.15356644524312243
P096,23,0.07787206844406627,0.0
P097,0,0.0,0.07333908594585432
P097,1,0.0,0.0
P097,2,0.6085886772809619,0.229339349222061
P097,3,0.2875429582814264,0.05480563833229709
P097,4,0.0,0.0
P097,5,0.2514710638713421,0.10047121470140073
P097,6,0.37334942280631733,0.1588171010235371
P097,7,8.480643688582823,1.6995972843668805
P097,8,16.415264684539178,3.297871932631729
P097,9,14.831655561681165,2.9035803673545098
P097,10,17.414932822219154,3.3988176188252974
P097,11,20.065700355691902,3.9578972234220795
P097,12,20.759906261637365,4.199535616743145
P097,13,20.550807925714988,3.96145325698767
P097,14,18.14079593896471,3.689074500808172
P097,15,14.64086827296968,2.855216147559192
P097,16,16.279794651157676,3.1769670547526143
P097,17,8.748053086285784,1.7945455363955862
P097,18,0.0,0.033277877520457515
P097,19,0.0,0.0
P097,20,0.0,0.15507080640129364
P097,21,0.28220884314680467,0.0
P097,22,0.1488494716793809,0.0
P097,23,0.013280392004734147,0.0
P098,0,0.05746178983344904,0.0
P098,1,0.0,0.19630750183834236
P098,2,0.0,0.0
P098,3,0.0,0.0
P098,4,0.0,0.06586028338352548
P098,5,0.40385347908798747,0.0
P098,6,0.0,0.0
P098,7,8.111234843717344,1.9296031495194164
P098,8,15.692562887015644,3.7035641302299247
P098,9,14.716198188201286,3.247972365329836
P098,10,18.508003070118274,3.7856457452121988
P098,11,20.520207436359428,4.233320823723791
P098,12,21.964407477590697,4.553492170222331
P098,13,20.620636227046326,4.419484632695799
P098,14,18.950853703405873,4.203305111957104
P098,15,15.447872757839757,3.3500561083603615
P098,16,16.006166299329166,3.40972623313585
P098,17,8.950890818269912,1.7081925791888932
P098,18,0.08056019593944656,0.4522067563953323
P098,19,0.45390277980119664,0.09398921999938431
P098,20,0.41897906747437913,0.0
P098,21,0.1243943955314348,0.0
P098,22,0.22533925434175517,0.0
P098,23,0.1872214245358427,0.0
P099,0,0.0,0.04689764868109841
P099,1,0.01718710633590488,0.26736813248359714
P099,2,0.32227417018339805,0.0
P099,3,0.45785589520849845,0.008289389381852658
P099,4,0.0,0.0
P099,5,0.15864939054390595,0.07822537883547788
P099,6,0.045261063983260345,0.0
P099,7,7.762103904257378,1.5492767498533784
P099,8,15.170348605627742,3.239920867172656
P099,9,21.368472843259216,4.665518478327889
P099,10,26.253252431706944,6.068253507652058
P099,11,29.53305477197625,6.7373373976810615
P099,12,30.362333910979885,6.72747066546333
P099,13,29.193717121353046,6.7275190211592415
P099,14,26.6502176780921,5.840628200544551
P099,15,21.63605249882348,4.741064144357993
P099,16,15.03582828527923,3.3956541003477927
P099,17,7.432330002925992,1.7960087398095654
P099,18,0.0,0.0
P099,19,0.2799697344946902,0.0032798613273333976
P099,20,0.0,0.1180983758469785
P099,21,0.0,0.019430945880907054
P099,22,0.0,0.006417435318648011
P099,23,0.0,0.07412703214211924
P100,0,0.2551943003346753,0.10000590912879141
P100,1,0.0,0.0
P100,2,0.0,0.0
P100,3,0.009313469328707009,0.028380495521135283
P100,4,0.06667983973447253,0.0
P100,5,0.0,0.0
P100,6,0.34676552525780996,0.0
P100,7,7.777911467913715,1.4464197461524835
P100,8,15.602229873474403,3.005947668445116
P100,9,21.773692067793213,4.795547241215668
P100,10,26.72592734908026,5.683008360323507
P100,11,29.169285115270206,6.146925640033219
P100,12,30.568950192637953,6.63341099823205
P100,13,29.483001966139692,6.484531165420647
P100,14,26.021343739194677,5.757183921350215
P100,15,21.926175452831597,4.610137960573823
P100,16,15.024508298411053,3.314748538620528
P100,17,7.721322784970613,1.8330129936393698
P100,18,0.0,0.0
P100,19,0.21035589782111197,0.004480038488673829
P100,20,0.0,0.0
P100,21,0.18536244013937042,0.0
P100,22,0.3133541958730382,0.13748522709664524
P100,23,0.16115352828772814,0.3085907797491015
