panel_id,hour,voltage,current
P001,0:00,0,0
P001,1:00,0,0
P001,2:00,0,0
P001,3:00,0,0
P001,4:00,0,0
P001,5:00,0,0
P001,6:00,0,0
P001,7:00,12.1175244,1.395621073
P001,8:00,24.203428,2.147294521
P001,9:00,33.22866244,3.572313049
P001,10:00,41.66248219,3.994875528
P001,11:00,46.28067628,4.990914928
P001,12:00,48.79315857,5.181529643
P001,13:00,46.49023599,4.294334355
P001,14:00,41.55094517,4.199112095
P001,15:00,33.06751343,3.396231432
P001,16:00,23.55303437,2.627859564
P001,17:00,12.52417878,1.389463826
P001,18:00,6.04E-15,6.51E-16
P001,19:00,0,0
P001,20:00,0,0
P001,21:00,0,0
P001,22:00,0,0
P001,23:00,0,0
P002,0:00,0,0
P002,1:00,0,0
P002,2:00,0,0
P002,3:00,0,0
P002,4:00,0,0
P002,5:00,0,0
P002,6:00,0,0
P002,7:00,12.33834771,1.368030069
P002,8:00,23.29167753,2.363601404
P002,9:00,33.50254317,3.6451398
P002,10:00,41.75050787,4.444265027
P002,11:00,46.15951043,5.049328749
P002,12:00,47.30289643,5.22400444
P002,13:00,46.14264635,5.120081238
P002,14:00,40.83499879,3.827577476
P002,15:00,33.88364885,3.256938712
P002,16:00,23.71355014,2.451033499
P002,17:00,11.94595211,1.309034068
P002,18:00,5.89E-15,6.65E-16
P002,19:00,0,0
P002,20:00,0,0
P002,21:00,0,0
P002,22:00,0,0
P002,23:00,0,0
P003,0:00,0,0
P003,1:00,0,0
P003,2:00,0,0
P003,3:00,0,0
P003,4:00,0,0
P003,5:00,0,0
P003,6:00,0,0
P003,7:00,12.32290422,1.502247503
P003,8:00,23.82211221,2.729689384
P003,9:00,32.75627052,3.654072849
P003,10:00,40.79301298,4.0144033
P003,11:00,45.66968511,5.024166285
P003,12:00,46.24114736,4.560490768
P003,13:00,46.57264931,4.744755682
P003,14:00,40.03541147,4.321692572
P003,15:00,34.26757361,3.667613759
P003,16:00,23.31904969,2.412401928
P003,17:00,12.24739838,1.208067321
P003,18:00,5.72E-15,5.77E-16
P003,19:00,0,0
P003,20:00,0,0
P003,21:00,0,0
P003,22:00,0,0
P003,23:00,0,0
P004,0:00,0,0
P004,1:00,0,0
P004,2:00,0,0
P004,3:00,0,0
P004,4:00,0,0
P004,5:00,0,0
P004,6:00,0,0
P004,7:00,12.55811094,1.240625744
P004,8:00,24.24392538,2.609957261
P004,9:00,33.68965064,3.8930055
P004,10:00,42.98197396,4.159380797
P004,11:00,47.64630496,4.586487516
P004,12:00,47.96520283,4.719345377
P004,13:00,47.37285183,4.580077903
P004,14:00,43.21634373,4.181880779
P004,15:00,33.8284769,3.51808292
P004,16:00,24.39308442,2.578075611
P004,17:00,12.46163892,1.218866548
P004,18:00,6.05E-15,5.75E-16
P004,19:00,0,0
P004,20:00,0,0
P004,21:00,0,0
P004,22:00,0,0
P004,23:00,0,0
P005,0:00,0,0
P005,1:00,0,0
P005,2:00,0,0
P005,3:00,0,0
P005,4:00,0,0
P005,5:00,0,0
P005,6:00,0,0
P005,7:00,12.55736853,1.227043403
P005,8:00,23.87299068,2.447827123
P005,9:00,35.05066217,3.643016822
P005,10:00,43.50802784,4.415288997
P005,11:00,47.43460644,4.566654629
P005,12:00,50.62423063,5.23564332
P005,13:00,48.26767505,5.024478632
P005,14:00,43.30675082,3.997834855
P005,15:00,34.4013161,3.695703446
P005,16:00,24.4517768,2.574008493
P005,17:00,12.67264343,1.312766136
P005,18:00,6.02E-15,5.92E-16
P005,19:00,0,0
P005,20:00,0,0
P005,21:00,0,0
P005,22:00,0,0
P005,23:00,0,0
P006,0:00,0,0
P006,1:00,0,0
P006,2:00,0,0
P006,3:00,0,0
P006,4:00,0,0
P006,5:00,0,0
P006,6:00,0,0
P006,7:00,12.48690758,1.227859026
P006,8:00,23.41680471,2.544499052
P006,9:00,32.85514901,3.845979774
P006,10:00,41.37924911,4.521847976
P006,11:00,47.87536196,5.10829964
P006,12:00,47.9005354,5.313400512
P006,13:00,44.44304573,5.008146243
P006,14:00,42.03323297,4.802305385
P006,15:00,33.87094749,3.565840759
P006,16:00,23.31965187,2.620245773
P006,17:00,12.33479866,1.4247613
P006,18:00,5.79E-15,6.24E-16
P006,19:00,0,0
P006,20:00,0,0
P006,21:00,0,0
P006,22:00,0,0
P006,23:00,0,0
P007,0:00,0,0
P007,1:00,0,0
P007,2:00,0,0
P007,3:00,0,0
P007,4:00,0,0
P007,5:00,0,0
P007,6:00,0,0
P007,7:00,12.18649895,1.532676854
P007,8:00,23.11546081,2.7674585
P007,9:00,34.15109534,3.82181477
P007,10:00,40.69550509,5.149596556
P007,11:00,44.43107061,5.009560255
P007,12:00,46.25503125,5.683119751
P007,13:00,45.02619467,4.846788999
P007,14:00,40.78592152,4.637590505
P007,15:00,33.25564989,3.553698669
P007,16:00,23.5016912,2.693361076
P007,17:00,12.02169392,1.501313606
P007,18:00,5.58E-15,6.82E-16
P007,19:00,0,0
P007,20:00,0,0
P007,21:00,0,0
P007,22:00,0,0
P007,23:00,0,0
P008,0:00,0,0
P008,1:00,0,0
P008,2:00,0,0
P008,3:00,0,0
P008,4:00,0,0
P008,5:00,0,0
P008,6:00,0,0
P008,7:00,12.90522163,1.330891253
P008,8:00,24.28999667,2.304394222
P008,9:00,33.58711599,3.175486934
P008,10:00,43.52671004,3.939350449
P008,11:00,46.8203658,4.600437952
P008,12:00,48.42932977,4.966993278
P008,13:00,45.84630621,4.781783028
P008,14:00,42.69313631,3.786827877
P008,15:00,35.07913887,3.026554339
P008,16:00,24.57913095,2.495111457
P008,17:00,12.21847631,1.269500782
P008,18:00,5.92E-15,5.85E-16
P008,19:00,0,0
P008,20:00,0,0
P008,21:00,0,0
P008,22:00,0,0
P008,23:00,0,0
P009,0:00,0,0
P009,1:00,0,0
P009,2:00,0,0
P009,3:00,0,0
P009,4:00,0,0
P009,5:00,0,0
P009,6:00,0,0
P009,7:00,12.5898823,1.167820669
P009,8:00,24.347252,2.417703039
P009,9:00,33.69078075,3.239171647
P009,10:00,41.94670004,3.898984576
P009,11:00,46.65724131,4.652416816
P009,12:00,47.55722666,4.716806402
P009,13:00,45.97582501,4.55843354
P009,14:00,42.16301264,3.898838028
P009,15:00,33.4182465,3.167028447
P009,16:00,24.39601221,2.126445168
P009,17:00,12.02670142,1.195570153
P009,18:00,5.92E-15,6.38E-16
P009,19:00,0,0
P009,20:00,0,0
P009,21:00,0,0
P009,22:00,0,0
P009,23:00,0,0
P010,0:00,0,0
P010,1:00,0,0
P010,2:00,0,0
P010,3:00,0,0
P010,4:00,0,0
P010,5:00,0,0
P010,6:00,0,0
P010,7:00,12.29033965,1.236430247
P010,8:00,23.64392914,2.332302326
P010,9:00,33.27007977,3.05110905
P010,10:00,40.66910721,3.766150565
P010,11:00,44.56782642,4.431437914
P010,12:00,47.41147985,4.967081201
P010,13:00,44.07686572,4.622249375
P010,14:00,40.93723988,4.041729483
P010,15:00,32.82225035,3.756447359
P010,16:00,23.5022948,2.650671984
P010,17:00,12.08423545,1.396704055
P010,18:00,5.74E-15,5.87E-16
P010,19:00,0,0
P010,20:00,0,0
P010,21:00,0,0
P010,22:00,0,0
P010,23:00,0,0
P011,0:00,0,0
P011,1:00,0,0
P011,2:00,0,0
P011,3:00,0,0
P011,4:00,0,0
P011,5:00,0,0
P011,6:00,0,0
P011,7:00,12.06501387,1.263067453
P011,8:00,23.39849738,2.246973529
P011,9:00,32.52804392,3.322453707
P011,10:00,41.71477204,4.573425789
P011,11:00,45.05734633,4.49042998
P011,12:00,49.07005693,4.943159099
P011,13:00,45.26298479,4.583137501
P011,14:00,41.22913374,4.210015367
P011,15:00,33.20489287,3.411504365
P011,16:00,23.41257282,2.373928935
P011,17:00,12.16413063,1.244102425
P011,18:00,5.85E-15,7.06E-16
P011,19:00,0,0
P011,20:00,0,0
P011,21:00,0,0
P011,22:00,0,0
P011,23:00,0,0
P012,0:00,0,0
P012,1:00,0,0
P012,2:00,0,0
P012,3:00,0,0
P012,4:00,0,0
P012,5:00,0,0
P012,6:00,0,0
P012,7:00,12.46724632,1.327101963
P012,8:00,23.40452787,2.778483207
P012,9:00,33.39385391,3.903310833
P012,10:00,42.07174848,4.121096526
P012,11:00,47.23431101,4.955856161
P012,12:00,48.8273002,4.883115082
P012,13:00,45.99174794,4.8762807
P012,14:00,41.1565678,4.657707964
P012,15:00,34.63972435,3.495408664
P012,16:00,24.2417986,2.591227777
P012,17:00,12.05726585,1.388216763
P012,18:00,5.86E-15,6.56E-16
P012,19:00,0,0
P012,20:00,0,0
P012,21:00,0,0
P012,22:00,0,0
P012,23:00,0,0
P013,0:00,0,0
P013,1:00,0,0
P013,2:00,0,0
P013,3:00,0,0
P013,4:00,0,0
P013,5:00,0,0
P013,6:00,0,0
P013,7:00,12.49392692,1.195794211
P013,8:00,23.03803093,2.617155056
P013,9:00,32.8382506,3.101225244
P013,10:00,41.86009788,3.757112111
P013,11:00,45.27578757,5.102191132
P013,12:00,47.58489707,4.968191867
P013,13:00,46.35566489,5.07969675
P013,14:00,40.03621738,4.641998127
P013,15:00,33.95081275,3.147055333
P013,16:00,22.93836884,2.524205142
P013,17:00,11.64924933,1.366861412
P013,18:00,5.73E-15,5.48E-16
P013,19:00,0,0
P013,20:00,0,0
P013,21:00,0,0
P013,22:00,0,0
P013,23:00,0,0
P014,0:00,0,0
P014,1:00,0,0
P014,2:00,0,0
P014,3:00,0,0
P014,4:00,0,0
P014,5:00,0,0
P014,6:00,0,0
P014,7:00,13.09100918,1.281691253
P014,8:00,24.27466546,2.32919498
P014,9:00,35.07996047,3.62950594
P014,10:00,42.38862587,4.716131762
P014,11:00,47.39789959,4.912217901
P014,12:00,48.73969708,4.935873543
P014,13:00,46.78165314,5.183900839
P014,14:00,42.07929187,4.23743071
P014,15:00,34.66948629,3.131579333
P014,16:00,24.71217599,2.547471911
P014,17:00,12.87941223,1.318104139
P014,18:00,6.03E-15,5.98E-16
P014,19:00,0,0
P014,20:00,0,0
P014,21:00,0,0
P014,22:00,0,0
P014,23:00,0,0
P015,0:00,0,0
P015,1:00,0,0
P015,2:00,0,0
P015,3:00,0,0
P015,4:00,0,0
P015,5:00,0,0
P015,6:00,0,0
P015,7:00,12.59035118,1.123347345
P015,8:00,24.24902022,2.734491414
P015,9:00,34.36282813,3.451010054
P015,10:00,42.7442742,4.699205454
P015,11:00,46.87121793,4.831984358
P015,12:00,48.61475608,5.318492356
P015,13:00,47.19601009,5.501452141
P015,14:00,41.62637527,4.604791398
P015,15:00,35.35569512,3.329605792
P015,16:00,24.78500893,2.578960208
P015,17:00,12.47933872,1.357628775
P015,18:00,6.04E-15,5.70E-16
P015,19:00,0,0
P015,20:00,0,0
P015,21:00,0,0
P015,22:00,0,0
P015,23:00,0,0
P016,0:00,0,0
P016,1:00,0,0
P016,2:00,0,0
P016,3:00,0,0
P016,4:00,0,0
P016,5:00,0,0
P016,6:00,0,0
P016,7:00,12.9012671,1.445709806
P016,8:00,24.85355388,2.454260169
P016,9:00,35.26526049,3.583864462
P016,10:00,42.10966983,4.678919106
P016,11:00,49.29342397,4.931245286
P016,12:00,48.70462801,4.980293767
P016,13:00,47.80408676,5.248622635
P016,14:00,44.05735993,4.138595942
P016,15:00,34.92489245,3.433727765
P016,16:00,24.91321274,2.595299658
P016,17:00,12.61418286,1.225152816
P016,18:00,6.29E-15,7.16E-16
P016,19:00,0,0
P016,20:00,0,0
P016,21:00,0,0
P016,22:00,0,0
P016,23:00,0,0
P017,0:00,0,0
P017,1:00,0,0
P017,2:00,0,0
P017,3:00,0,0
P017,4:00,0,0
P017,5:00,0,0
P017,6:00,0,0
P017,7:00,12.22116075,1.362342724
P017,8:00,22.91348691,2.698414922
P017,9:00,33.67646884,4.000474367
P017,10:00,40.93352708,4.401905778
P017,11:00,45.29742118,4.704910121
P017,12:00,46.76681848,5.309738421
P017,13:00,44.64885203,4.722926309
P017,14:00,40.60363212,4.426941938
P017,15:00,32.09477315,3.587440986
P017,16:00,22.71621693,2.345500532
P017,17:00,11.99353073,1.384120681
P017,18:00,5.67E-15,5.40E-16
P017,19:00,0,0
P017,20:00,0,0
P017,21:00,0,0
P017,22:00,0,0
P017,23:00,0,0
P018,0:00,0,0
P018,1:00,0,0
P018,2:00,0,0
P018,3:00,0,0
P018,4:00,0,0
P018,5:00,0,0
P018,6:00,0,0
P018,7:00,12.46071817,1.286575376
P018,8:00,24.08074903,2.566162275
P018,9:00,33.04104193,2.783902366
P018,10:00,41.08741704,4.457746325
P018,11:00,46.23192759,5.056484352
P018,12:00,48.91378721,4.955789161
P018,13:00,47.52577376,4.673474294
P018,14:00,40.81712418,4.074658986
P018,15:00,33.78115334,3.193161314
P018,16:00,24.13343255,2.130282262
P018,17:00,12.38706485,1.272951478
P018,18:00,5.82E-15,6.06E-16
P018,19:00,0,0
P018,20:00,0,0
P018,21:00,0,0
P018,22:00,0,0
P018,23:00,0,0
P019,0:00,0,0
P019,1:00,0,0
P019,2:00,0,0
P019,3:00,0,0
P019,4:00,0,0
P019,5:00,0,0
P019,6:00,0,0
P019,7:00,12.75601768,1.406470379
P019,8:00,24.63059149,2.386332885
P019,9:00,35.66981388,3.883666672
P019,10:00,43.04436243,4.293720903
P019,11:00,45.93645444,4.939386792
P019,12:00,49.42526166,4.918838369
P019,13:00,47.01064157,4.928138784
P019,14:00,41.5331281,4.281887566
P019,15:00,34.51469963,3.524359131
P019,16:00,24.11280415,2.588303203
P019,17:00,12.36343942,1.262766422
P019,18:00,6.17E-15,6.34E-16
P019,19:00,0,0
P019,20:00,0,0
P019,21:00,0,0
P019,22:00,0,0
P019,23:00,0,0
P020,0:00,0,0
P020,1:00,0,0
P020,2:00,0,0
P020,3:00,0,0
P020,4:00,0,0
P020,5:00,0,0
P020,6:00,0,0
P020,7:00,12.77658864,1.188648438
P020,8:00,24.84218368,2.484499018
P020,9:00,34.41963333,3.743974922
P020,10:00,42.48619334,4.59540713
P020,11:00,48.49046762,4.51523326
P020,12:00,49.07590152,4.814195888
P020,13:00,46.38316899,5.213676949
P020,14:00,43.27860352,4.797561468
P020,15:00,33.60975157,3.285523916
P020,16:00,24.92915618,2.396248085
P020,17:00,12.77662182,1.196898709
P020,18:00,6.09E-15,6.43E-16
P020,19:00,0,0
P020,20:00,0,0
P020,21:00,0,0
P020,22:00,0,0
P020,23:00,0,0
P021,0:00,0,0
P021,1:00,0,0
P021,2:00,0,0
P021,3:00,0,0
P021,4:00,0,0
P021,5:00,0,0
P021,6:00,0,0
P021,7:00,12.24068819,1.154770452
P021,8:00,23.48407071,2.428009631
P021,9:00,32.53347768,3.355436667
P021,10:00,41.2169378,4.450262111
P021,11:00,46.0338785,4.311367915
P021,12:00,45.32253181,4.889178187
P021,13:00,46.40876925,4.491466615
P021,14:00,40.90028374,4.282226937
P021,15:00,33.45996904,3.541686207
P021,16:00,23.69187393,2.519918128
P021,17:00,12.51689188,1.168184942
P021,18:00,5.69E-15,6.14E-16
P021,19:00,0,0
P021,20:00,0,0
P021,21:00,0,0
P021,22:00,0,0
P021,23:00,0,0
P022,0:00,0,0
P022,1:00,0,0
P022,2:00,0,0
P022,3:00,0,0
P022,4:00,0,0
P022,5:00,0,0
P022,6:00,0,0
P022,7:00,12.59365475,1.369050508
P022,8:00,23.91836243,2.509206562
P022,9:00,33.67729294,3.545919126
P022,10:00,41.25102515,4.535208223
P022,11:00,46.30785338,5.189774813
P022,12:00,48.12939912,5.346341401
P022,13:00,46.2358604,4.794638998
P022,14:00,43.4906494,4.424404753
P022,15:00,33.73862492,3.447336484
P022,16:00,24.33634848,2.568291776
P022,17:00,12.43379063,1.29302156
P022,18:00,5.96E-15,6.40E-16
P022,19:00,0,0
P022,20:00,0,0
P022,21:00,0,0
P022,22:00,0,0
P022,23:00,0,0
P023,0:00,0,0
P023,1:00,0,0
P023,2:00,0,0
P023,3:00,0,0
P023,4:00,0,0
P023,5:00,0,0
P023,6:00,0,0
P023,7:00,12.54329041,1.453147361
P023,8:00,24.11413984,2.539471271
P023,9:00,34.19227066,3.484897439
P023,10:00,41.78290108,4.701367834
P023,11:00,46.99270148,5.094554376
P023,12:00,48.58733165,4.803421361
P023,13:00,46.84787436,4.859559731
P023,14:00,41.99764966,4.431932027
P023,15:00,34.53792517,3.830736731
P023,16:00,24.48390374,2.588492427
P023,17:00,12.48344322,1.421357374
P023,18:00,6.02E-15,6.63E-16
P023,19:00,0,0
P023,20:00,0,0
P023,21:00,0,0
P023,22:00,0,0
P023,23:00,0,0
P024,0:00,0,0
P024,1:00,0,0
P024,2:00,0,0
P024,3:00,0,0
P024,4:00,0,0
P024,5:00,0,0
P024,6:00,0,0
P024,7:00,12.24987982,1.207638519
P024,8:00,24.764488,2.35021076
P024,9:00,34.47326072,3.291589335
P024,10:00,43.0827557,4.029421667
P024,11:00,47.09370636,4.229627615
P024,12:00,49.97282471,4.555008155
P024,13:00,48.47171007,4.369141281
P024,14:00,41.71908732,4.059439133
P024,15:00,34.73723426,3.699085826
P024,16:00,24.38466683,1.857132522
P024,17:00,12.25892826,1.162273505
P024,18:00,5.79E-15,5.84E-16
P024,19:00,0,0
P024,20:00,0,0
P024,21:00,0,0
P024,22:00,0,0
P024,23:00,0,0
P025,0:00,0,0
P025,1:00,0,0
P025,2:00,0,0
P025,3:00,0,0
P025,4:00,0,0
P025,5:00,0,0
P025,6:00,0,0
P025,7:00,12.8382566,1.481155261
P025,8:00,24.35995824,2.554987139
P025,9:00,34.15650983,3.83315596
P025,10:00,42.22827452,4.225733669
P025,11:00,45.84016462,5.084994067
P025,12:00,48.92028779,4.996381981
P025,13:00,46.52065806,5.042929336
P025,14:00,43.13988377,4.914651648
P025,15:00,34.8054305,3.794835123
P025,16:00,24.05658094,2.659627657
P025,17:00,12.52693836,1.468647011
P025,18:00,6.06E-15,6.86E-16
P025,19:00,0,0
P025,20:00,0,0
P025,21:00,0,0
P025,22:00,0,0
P025,23:00,0,0
P026,0:00,0,0
P026,1:00,0,0
P026,2:00,0,0
P026,3:00,0,0
P026,4:00,0,0
P026,5:00,0,0
P026,6:00,0,0
P026,7:00,12.68398933,1.347173702
P026,8:00,23.59731028,2.5692415
P026,9:00,34.23543942,3.529903621
P026,10:00,41.33532713,4.247501758
P026,11:00,47.56190541,4.375860151
P026,12:00,48.01738492,5.142665126
P026,13:00,47.82807236,4.671325675
P026,14:00,40.88685259,4.147827862
P026,15:00,34.00837987,3.399101412
P026,16:00,24.01814874,2.496726255
P026,17:00,12.45953078,1.335279579
P026,18:00,6.22E-15,6.23E-16
P026,19:00,0,0
P026,20:00,0,0
P026,21:00,0,0
P026,22:00,0,0
P026,23:00,0,0
P027,0:00,0,0
P027,1:00,0,0
P027,2:00,0,0
P027,3:00,0,0
P027,4:00,0,0
P027,5:00,0,0
P027,6:00,0,0
P027,7:00,12.53332274,1.34176925
P027,8:00,22.97801312,2.586823691
P027,9:00,33.82490016,3.420157697
P027,10:00,40.71538931,4.161984152
P027,11:00,44.48524283,5.121016462
P027,12:00,47.33154354,5.322917878
P027,13:00,46.19249973,4.89395234
P027,14:00,40.48664497,4.659982411
P027,15:00,32.49617501,3.838485861
P027,16:00,23.59150155,2.489065194
P027,17:00,12.03791744,1.283571193
P027,18:00,5.70E-15,5.62E-16
P027,19:00,0,0
P027,20:00,0,0
P027,21:00,0,0
P027,22:00,0,0
P027,23:00,0,0
P028,0:00,0,0
P028,1:00,0,0
P028,2:00,0,0
P028,3:00,0,0
P028,4:00,0,0
P028,5:00,0,0
P028,6:00,0,0
P028,7:00,12.18962253,1.456453086
P028,8:00,23.95905845,2.441654702
P028,9:00,34.5896745,3.44470671
P028,10:00,41.77907434,4.222284353
P028,11:00,46.95955197,4.610316841
P028,12:00,47.72007543,5.150659836
P028,13:00,46.01129809,5.292406706
P028,14:00,41.95996015,4.664454397
P028,15:00,34.4257421,3.884183436
P028,16:00,23.73781959,2.530442524
P028,17:00,12.37570039,1.286093781
P028,18:00,5.84E-15,6.29E-16
P028,19:00,0,0
P028,20:00,0,0
P028,21:00,0,0
P028,22:00,0,0
P028,23:00,0,0
P029,0:00,0,0
P029,1:00,0,0
P029,2:00,0,0
P029,3:00,0,0
P029,4:00,0,0
P029,5:00,0,0
P029,6:00,0,0
P029,7:00,12.95710767,1.096624717
P029,8:00,25.7540846,2.397767578
P029,9:00,34.8663515,3.198643642
P029,10:00,43.17944462,4.221981905
P029,11:00,50.44653798,4.731316817
P029,12:00,50.58622708,4.180158796
P029,13:00,48.36738813,3.954248591
P029,14:00,44.99940294,3.345119664
P029,15:00,36.29967898,3.096746727
P029,16:00,25.07027696,2.309216544
P029,17:00,13.46821755,1.283283995
P029,18:00,6.29E-15,5.04E-16
P029,19:00,0,0
P029,20:00,0,0
P029,21:00,0,0
P029,22:00,0,0
P029,23:00,0,0
P030,0:00,0,0
P030,1:00,0,0
P030,2:00,0,0
P030,3:00,0,0
P030,4:00,0,0
P030,5:00,0,0
P030,6:00,0,0
P030,7:00,11.9054186,1.238719975
P030,8:00,22.83994235,2.394246148
P030,9:00,32.87051269,3.549368713
P030,10:00,40.03823022,3.923312048
P030,11:00,44.98802265,4.526241609
P030,12:00,46.12153456,4.905255702
P030,13:00,44.08878735,4.91698613
P030,14:00,40.4893829,4.099040367
P030,15:00,31.50183519,3.654072612
P030,16:00,22.58384824,2.511059535
P030,17:00,12.24160759,1.148297269
P030,18:00,5.61E-15,6.00E-16
P030,19:00,0,0
P030,20:00,0,0
P030,21:00,0,0
P030,22:00,0,0
P030,23:00,0,0
P031,0:00,0,0
P031,1:00,0,0
P031,2:00,0,0
P031,3:00,0,0
P031,4:00,0,0
P031,5:00,0,0
P031,6:00,0,0
P031,7:00,12.5608276,1.160122149
P031,8:00,23.47615443,2.166219148
P031,9:00,32.5703769,3.735119083
P031,10:00,40.92995529,4.507928839
P031,11:00,47.01838128,4.704407748
P031,12:00,47.48762727,4.700124201
P031,13:00,46.26333144,5.129791491
P031,14:00,42.45633242,4.622381754
P031,15:00,34.00829075,3.485189953
P031,16:00,24.52685065,2.616264404
P031,17:00,12.50924449,1.276806342
P031,18:00,5.81E-15,6.11E-16
P031,19:00,0,0
P031,20:00,0,0
P031,21:00,0,0
P031,22:00,0,0
P031,23:00,0,0
P032,0:00,0,0
P032,1:00,0,0
P032,2:00,0,0
P032,3:00,0,0
P032,4:00,0,0
P032,5:00,0,0
P032,6:00,0,0
P032,7:00,12.37630457,1.265014584
P032,8:00,24.28625823,2.243126555
P032,9:00,33.6618706,3.317650227
P032,10:00,41.73502219,4.05604966
P032,11:00,46.8833199,4.519353457
P032,12:00,46.89272677,4.672809755
P032,13:00,47.49271134,4.645314416
P032,14:00,41.46750223,4.021505321
P032,15:00,32.97906316,3.594482488
P032,16:00,23.34927443,2.389397815
P032,17:00,12.18826066,1.256687125
P032,18:00,5.79E-15,6.34E-16
P032,19:00,0,0
P032,20:00,0,0
P032,21:00,0,0
P032,22:00,0,0
P032,23:00,0,0
P033,0:00,0,0
P033,1:00,0,0
P033,2:00,0,0
P033,3:00,0,0
P033,4:00,0,0
P033,5:00,0,0
P033,6:00,0,0
P033,7:00,12.59088319,1.362698433
P033,8:00,24.04273606,2.811991957
P033,9:00,33.64368646,3.716306106
P033,10:00,40.72270573,4.271443927
P033,11:00,46.48558723,5.093402245
P033,12:00,48.87415526,4.842470042
P033,13:00,46.83600227,5.275921617
P033,14:00,40.88895317,4.483486143
P033,15:00,33.5900031,3.565492669
P033,16:00,23.56749979,2.564009466
P033,17:00,12.09757107,1.300486598
P033,18:00,5.95E-15,5.92E-16
P033,19:00,0,0
P033,20:00,0,0
P033,21:00,0,0
P033,22:00,0,0
P033,23:00,0,0
P034,0:00,0,0
P034,1:00,0,0
P034,2:00,0,0
P034,3:00,0,0
P034,4:00,0,0
P034,5:00,0,0
P034,6:00,0,0
P034,7:00,12.46472809,1.38696322
P034,8:00,23.45164009,2.773911527
P034,9:00,32.63037244,3.411444636
P034,10:00,40.8804991,4.825302837
P034,11:00,46.19445238,4.974801385
P034,12:00,47.34300007,4.983361343
P034,13:00,44.36204357,5.062524747
P034,14:00,41.24082873,4.996547759
P034,15:00,33.22378172,3.631373902
P034,16:00,23.04311906,2.482171272
P034,17:00,12.35077575,1.31424235
P034,18:00,5.72E-15,7.04E-16
P034,19:00,0,0
P034,20:00,0,0
P034,21:00,0,0
P034,22:00,0,0
P034,23:00,0,0
P035,0:00,0,0
P035,1:00,0,0
P035,2:00,0,0
P035,3:00,0,0
P035,4:00,0,0
P035,5:00,0,0
P035,6:00,0,0
P035,7:00,12.19812234,1.336321656
P035,8:00,23.120485,2.319934815
P035,9:00,33.08445664,3.23548674
P035,10:00,40.7125634,4.473635797
P035,11:00,44.99204946,4.765255296
P035,12:00,46.89236567,4.697596177
P035,13:00,45.13277362,4.77670855
P035,14:00,40.81892508,3.710587533
P035,15:00,32.94143462,3.422143139
P035,16:00,22.95681285,2.331055509
P035,17:00,12.39664526,1.250027973
P035,18:00,5.77E-15,5.43E-16
P035,19:00,0,0
P035,20:00,0,0
P035,21:00,0,0
P035,22:00,0,0
P035,23:00,0,0
P036,0:00,0,0
P036,1:00,0,0
P036,2:00,0,0
P036,3:00,0,0
P036,4:00,0,0
P036,5:00,0,0
P036,6:00,0,0
P036,7:00,12.8437375,1.195072528
P036,8:00,24.62828568,2.594424706
P036,9:00,35.72126464,3.2720534
P036,10:00,43.06048245,4.331579641
P036,11:00,47.69173884,4.532421429
P036,12:00,50.28344042,4.452116361
P036,13:00,48.59227316,3.694563654
P036,14:00,40.78439948,3.888626108
P036,15:00,36.42588649,3.409747318
P036,16:00,24.99741575,2.439021022
P036,17:00,13.21515566,1.17249223
P036,18:00,6.08E-15,5.57E-16
P036,19:00,0,0
P036,20:00,0,0
P036,21:00,0,0
P036,22:00,0,0
P036,23:00,0,0
P037,0:00,0,0
P037,1:00,0,0
P037,2:00,0,0
P037,3:00,0,0
P037,4:00,0,0
P037,5:00,0,0
P037,6:00,0,0
P037,7:00,12.36734103,1.167934776
P037,8:00,24.2259095,2.199139596
P037,9:00,34.12895767,3.524706275
P037,10:00,42.00017882,3.882207978
P037,11:00,46.94509815,4.602390939
P037,12:00,49.24386762,4.532960962
P037,13:00,45.86405183,4.761480297
P037,14:00,41.68836109,4.203214628
P037,15:00,33.8862749,3.451311659
P037,16:00,24.30233998,2.327665687
P037,17:00,12.89392154,1.272006236
P037,18:00,6.07E-15,5.87E-16
P037,19:00,0,0
P037,20:00,0,0
P037,21:00,0,0
P037,22:00,0,0
P037,23:00,0,0
P038,0:00,0,0
P038,1:00,0,0
P038,2:00,0,0
P038,3:00,0,0
P038,4:00,0,0
P038,5:00,0,0
P038,6:00,0,0
P038,7:00,12.90049293,1.3647444
P038,8:00,24.85017031,2.265271654
P038,9:00,34.72139719,3.568266422
P038,10:00,42.28320826,5.024555908
P038,11:00,48.06021733,4.407874826
P038,12:00,48.46460901,5.487061788
P038,13:00,48.61652814,4.913618178
P038,14:00,43.749901,4.154269323
P038,15:00,35.12976958,3.812712346
P038,16:00,24.84337487,2.085560056
P038,17:00,12.62286613,1.397893519
P038,18:00,6.21E-15,6.36E-16
P038,19:00,0,0
P038,20:00,0,0
P038,21:00,0,0
P038,22:00,0,0
P038,23:00,0,0
P039,0:00,0,0
P039,1:00,0,0
P039,2:00,0,0
P039,3:00,0,0
P039,4:00,0,0
P039,5:00,0,0
P039,6:00,0,0
P039,7:00,12.61922215,1.428871753
P039,8:00,23.59699323,2.343537769
P039,9:00,34.50017968,4.09778472
P039,10:00,41.42837093,4.154199484
P039,11:00,46.25672821,5.624093327
P039,12:00,48.99397877,4.502680103
P039,13:00,48.05357536,4.936975601
P039,14:00,42.09737954,4.974109534
P039,15:00,33.87041211,3.728886095
P039,16:00,24.28975948,2.692201126
P039,17:00,12.68222776,1.509547019
P039,18:00,5.93E-15,6.04E-16
P039,19:00,0,0
P039,20:00,0,0
P039,21:00,0,0
P039,22:00,0,0
P039,23:00,0,0
P040,0:00,0,0
P040,1:00,0,0
P040,2:00,0,0
P040,3:00,0,0
P040,4:00,0,0
P040,5:00,0,0
P040,6:00,0,0
P040,7:00,12.50382562,1.291354589
P040,8:00,24.23503858,2.64741412
P040,9:00,35.26868112,3.455117732
P040,10:00,42.2906204,4.517767107
P040,11:00,46.04546418,4.809163976
P040,12:00,46.9541766,5.407045451
P040,13:00,46.45177638,5.328302647
P040,14:00,41.43552699,4.460120727
P040,15:00,34.07611403,3.706342932
P040,16:00,24.35712678,2.772067366
P040,17:00,12.25505314,1.420694957
P040,18:00,5.92E-15,7.09E-16
P040,19:00,0,0
P040,20:00,0,0
P040,21:00,0,0
P040,22:00,0,0
P040,23:00,0,0
P041,0:00,0,0
P041,1:00,0,0
P041,2:00,0,0
P041,3:00,0,0
P041,4:00,0,0
P041,5:00,0,0
P041,6:00,0,0
P041,7:00,11.57536999,1.355633464
P041,8:00,23.04566087,2.592625817
P041,9:00,32.83266007,3.961027027
P041,10:00,39.71544121,4.873299944
P041,11:00,45.17538707,4.923041425
P041,12:00,47.70011537,5.643310308
P041,13:00,44.5817814,5.5632338
P041,14:00,41.51275045,4.254196507
P041,15:00,32.24264362,3.696327647
P041,16:00,23.11622876,2.569190436
P041,17:00,11.80399757,1.267345571
P041,18:00,5.68E-15,6.16E-16
P041,19:00,0,0
P041,20:00,0,0
P041,21:00,0,0
P041,22:00,0,0
P041,23:00,0,0
P042,0:00,0,0
P042,1:00,0,0
P042,2:00,0,0
P042,3:00,0,0
P042,4:00,0,0
P042,5:00,0,0
P042,6:00,0,0
P042,7:00,12.63950885,1.250079403
P042,8:00,24.05953088,1.978934903
P042,9:00,33.22321938,3.475687172
P042,10:00,42.23602362,4.281903142
P042,11:00,46.43130285,4.021202411
P042,12:00,47.97350527,4.952698767
P042,13:00,45.49575661,4.500576121
P042,14:00,41.7136771,3.590691754
P042,15:00,34.46176501,3.550226384
P042,16:00,23.46182345,2.312453224
P042,17:00,12.60539978,1.153216821
P042,18:00,5.98E-15,5.97E-16
P042,19:00,0,0
P042,20:00,0,0
P042,21:00,0,0
P042,22:00,0,0
P042,23:00,0,0
P043,0:00,0,0
P043,1:00,0,0
P043,2:00,0,0
P043,3:00,0,0
P043,4:00,0,0
P043,5:00,0,0
P043,6:00,0,0
P043,7:00,12.30409179,1.239007941
P043,8:00,23.5813387,2.654080107
P043,9:00,33.79687223,3.6486914
P043,10:00,40.00865091,4.736171909
P043,11:00,46.18440182,5.462710932
P043,12:00,46.30867478,4.826536851
P043,13:00,44.4527327,4.964057006
P043,14:00,40.11441318,4.726396148
P043,15:00,32.71620269,4.220331672
P043,16:00,23.59273714,2.470709747
P043,17:00,12.19196959,1.260014747
P043,18:00,5.60E-15,6.55E-16
P043,19:00,0,0
P043,20:00,0,0
P043,21:00,0,0
P043,22:00,0,0
P043,23:00,0,0
P044,0:00,0,0
P044,1:00,0,0
P044,2:00,0,0
P044,3:00,0,0
P044,4:00,0,0
P044,5:00,0,0
P044,6:00,0,0
P044,7:00,12.1521002,1.431731232
P044,8:00,23.62136339,2.548084565
P044,9:00,33.31972069,3.842434227
P044,10:00,41.49370196,4.540928532
P044,11:00,45.25749738,4.840067465
P044,12:00,47.28599964,5.124798009
P044,13:00,44.97877185,4.916021498
P044,14:00,40.66083041,4.617231072
P044,15:00,33.24556887,3.146903905
P044,16:00,23.19525273,2.417416582
P044,17:00,11.78710025,1.165311668
P044,18:00,5.82E-15,7.16E-16
P044,19:00,0,0
P044,20:00,0,0
P044,21:00,0,0
P044,22:00,0,0
P044,23:00,0,0
P045,0:00,0,0
P045,1:00,0,0
P045,2:00,0,0
P045,3:00,0,0
P045,4:00,0,0
P045,5:00,0,0
P045,6:00,0,0
P045,7:00,12.29433575,1.360076252
P045,8:00,23.34897563,2.331955946
P045,9:00,33.34539485,3.747341497
P045,10:00,41.42304364,4.465323173
P045,11:00,44.28746252,4.269554603
P045,12:00,47.27750593,5.113758653
P045,13:00,44.78121428,4.627270733
P045,14:00,39.83407709,3.782044156
P045,15:00,33.94459757,3.594036151
P045,16:00,23.33635309,2.632252966
P045,17:00,11.81798736,1.304505028
P045,18:00,5.60E-15,5.92E-16
P045,19:00,0,0
P045,20:00,0,0
P045,21:00,0,0
P045,22:00,0,0
P045,23:00,0,0
P046,0:00,0,0
P046,1:00,0,0
P046,2:00,0,0
P046,3:00,0,0
P046,4:00,0,0
P046,5:00,0,0
P046,6:00,0,0
P046,7:00,12.46263567,1.234046276
P046,8:00,23.92497269,2.40984478
P046,9:00,34.67001206,3.411252841
P046,10:00,41.57498557,4.628233416
P046,11:00,46.12865632,4.357362974
P046,12:00,47.21866196,5.390996015
P046,13:00,46.44788862,5.092282579
P046,14:00,41.98564957,4.248084514
P046,15:00,34.44797215,3.407411385
P046,16:00,24.36925272,2.543829673
P046,17:00,12.24398032,1.271898991
P046,18:00,5.86E-15,5.62E-16
P046,19:00,0,0
P046,20:00,0,0
P046,21:00,0,0
P046,22:00,0,0
P046,23:00,0,0
P047,0:00,0,0
P047,1:00,0,0
P047,2:00,0,0
P047,3:00,0,0
P047,4:00,0,0
P047,5:00,0,0
P047,6:00,0,0
P047,7:00,12.39700594,1.268226364
P047,8:00,24.88285602,2.34747092
P047,9:00,35.74428299,3.266182
P047,10:00,41.92358026,4.496906545
P047,11:00,47.70434581,4.696851868
P047,12:00,49.81481859,5.431458954
P047,13:00,47.87276812,4.890718266
P047,14:00,43.25561683,4.383400678
P047,15:00,34.67456756,3.236091365
P047,16:00,24.67990652,2.375093618
P047,17:00,13.03060724,1.374186637
P047,18:00,6.12E-15,5.92E-16
P047,19:00,0,0
P047,20:00,0,0
P047,21:00,0,0
P047,22:00,0,0
P047,23:00,0,0
P048,0:00,0,0
P048,1:00,0,0
P048,2:00,0,0
P048,3:00,0,0
P048,4:00,0,0
P048,5:00,0,0
P048,6:00,0,0
P048,7:00,11.80302023,1.145888719
P048,8:00,23.22806542,2.525205418
P048,9:00,33.33098917,3.549286736
P048,10:00,40.81593534,3.759681389
P048,11:00,44.89961988,4.664117503
P048,12:00,47.50183133,4.390541766
P048,13:00,44.92471612,4.778047042
P048,14:00,39.70195157,4.410203817
P048,15:00,32.97242028,3.261321913
P048,16:00,23.98559042,2.051963311
P048,17:00,12.26939378,1.159426529
P048,18:00,5.83E-15,5.89E-16
P048,19:00,0,0
P048,20:00,0,0
P048,21:00,0,0
P048,22:00,0,0
P048,23:00,0,0
P049,0:00,0,0
P049,1:00,0,0
P049,2:00,0,0
P049,3:00,0,0
P049,4:00,0,0
P049,5:00,0,0
P049,6:00,0,0
P049,7:00,12.29208454,1.199368199
P049,8:00,24.239072,2.587669559
P049,9:00,35.28857062,3.501599389
P049,10:00,42.08500521,4.756798005
P049,11:00,47.62927506,4.61495982
P049,12:00,49.56373523,4.823538868
P049,13:00,47.96009581,4.854876734
P049,14:00,43.3241844,4.19732004
P049,15:00,33.27717233,3.499624963
P049,16:00,24.61418287,2.714650611
P049,17:00,12.39235456,1.352794354
P049,18:00,5.85E-15,6.20E-16
P049,19:00,0,0
P049,20:00,0,0
P049,21:00,0,0
P049,22:00,0,0
P049,23:00,0,0
P050,0:00,0,0
P050,1:00,0,0
P050,2:00,0,0
P050,3:00,0,0
P050,4:00,0,0
P050,5:00,0,0
P050,6:00,0,0
P050,7:00,12.57336547,1.269716878
P050,8:00,24.69304191,2.253680344
P050,9:00,33.65389028,3.451926945
P050,10:00,40.43638778,4.152961115
P050,11:00,45.9754458,4.646178895
P050,12:00,46.92194406,4.960462583
P050,13:00,45.57678575,5.110223263
P050,14:00,40.5624853,3.938507948
P050,15:00,33.1765778,3.406065947
P050,16:00,24.52733774,2.478304162
P050,17:00,12.13674938,1.306245837
P050,18:00,5.96E-15,6.39E-16
P050,19:00,0,0
P050,20:00,0,0
P050,21:00,0,0
P050,22:00,0,0
P050,23:00,0,0
P051,0:00,0,0
P051,1:00,0,0
P051,2:00,0,0
P051,3:00,0,0
P051,4:00,0,0
P051,5:00,0,0
P051,6:00,0,0
P051,7:00,12.90013343,1.190266843
P051,8:00,23.77634989,2.084972837
P051,9:00,34.94404231,3.123412464
P051,10:00,41.71340907,4.402585051
P051,11:00,46.46893329,4.846358905
P051,12:00,48.50980029,5.077669306
P051,13:00,45.33691734,4.252092042
P051,14:00,40.93031193,4.262694684
P051,15:00,34.59357775,3.436567365
P051,16:00,23.70164798,2.14374517
P051,17:00,12.13614401,1.202893807
P051,18:00,5.82E-15,5.42E-16
P051,19:00,0,0
P051,20:00,0,0
P051,21:00,0,0
P051,22:00,0,0
P051,23:00,0,0
P052,0:00,0,0
P052,1:00,0,0
P052,2:00,0,0
P052,3:00,0,0
P052,4:00,0,0
P052,5:00,0,0
P052,6:00,0,0
P052,7:00,12.33033825,1.306512608
P052,8:00,24.34015413,2.305283495
P052,9:00,33.78901429,3.653617594
P052,10:00,41.72137342,4.579799331
P052,11:00,46.67520968,4.791993776
P052,12:00,48.21873201,5.733343884
P052,13:00,47.56219528,5.259356955
P052,14:00,41.98961999,4.835862629
P052,15:00,34.60978614,3.296609833
P052,16:00,23.82745745,2.586087073
P052,17:00,12.38531865,1.347742876
P052,18:00,5.89E-15,5.73E-16
P052,19:00,0,0
P052,20:00,0,0
P052,21:00,0,0
P052,22:00,0,0
P052,23:00,0,0
P053,0:00,0,0
P053,1:00,0,0
P053,2:00,0,0
P053,3:00,0,0
P053,4:00,0,0
P053,5:00,0,0
P053,6:00,0,0
P053,7:00,13.09361398,1.390424998
P053,8:00,25.23794226,2.788456227
P053,9:00,36.58946985,3.500224109
P053,10:00,43.38859927,4.7854242
P053,11:00,47.84348631,5.106528922
P053,12:00,50.90180875,4.944712184
P053,13:00,50.52908659,4.832680336
P053,14:00,43.96691969,3.826125811
P053,15:00,35.7777198,3.434116731
P053,16:00,24.64425676,2.549034621
P053,17:00,13.52810327,1.205997831
P053,18:00,6.05E-15,6.34E-16
P053,19:00,0,0
P053,20:00,0,0
P053,21:00,0,0
P053,22:00,0,0
P053,23:00,0,0
P054,0:00,0,0
P054,1:00,0,0
P054,2:00,0,0
P054,3:00,0,0
P054,4:00,0,0
P054,5:00,0,0
P054,6:00,0,0
P054,7:00,12.474151,1.369787485
P054,8:00,23.52071684,2.833047875
P054,9:00,33.98684275,3.684934439
P054,10:00,39.84350014,4.381031548
P054,11:00,46.64830299,5.10911834
P054,12:00,45.79861887,5.074208862
P054,13:00,47.21437439,5.646047543
P054,14:00,40.55102981,4.579552272
P054,15:00,33.40076636,3.595815374
P054,16:00,23.31678411,2.715993761
P054,17:00,12.07292779,1.32600366
P054,18:00,5.78E-15,6.60E-16
P054,19:00,0,0
P054,20:00,0,0
P054,21:00,0,0
P054,22:00,0,0
P054,23:00,0,0
P055,0:00,0,0
P055,1:00,0,0
P055,2:00,0,0
P055,3:00,0,0
P055,4:00,0,0
P055,5:00,0,0
P055,6:00,0,0
P055,7:00,12.77867219,1.228247162
P055,8:00,25.17600618,2.244355368
P055,9:00,34.7429519,3.351115564
P055,10:00,42.66757855,3.578684867
P055,11:00,46.11651003,4.791638101
P055,12:00,49.9974677,4.614955901
P055,13:00,47.65050743,4.546915088
P055,14:00,42.23171226,3.967012835
P055,15:00,34.5689967,3.734957583
P055,16:00,25.28867856,2.549545017
P055,17:00,12.68319897,1.245072761
P055,18:00,5.98E-15,5.32E-16
P055,19:00,0,0
P055,20:00,0,0
P055,21:00,0,0
P055,22:00,0,0
P055,23:00,0,0
P056,0:00,0,0
P056,1:00,0,0
P056,2:00,0,0
P056,3:00,0,0
P056,4:00,0,0
P056,5:00,0,0
P056,6:00,0,0
P056,7:00,12.25427603,1.362779674
P056,8:00,24.02034184,2.666500427
P056,9:00,33.65693889,3.370639299
P056,10:00,41.6864816,4.105382191
P056,11:00,47.31857818,4.933478359
P056,12:00,47.38009716,4.98778935
P056,13:00,44.82203491,4.654304144
P056,14:00,40.02456528,4.27076742
P056,15:00,33.0482083,3.288968539
P056,16:00,23.80241256,2.504261556
P056,17:00,12.74324782,1.310928851
P056,18:00,5.75E-15,5.98E-16
P056,19:00,0,0
P056,20:00,0,0
P056,21:00,0,0
P056,22:00,0,0
P056,23:00,0,0
P057,0:00,0,0
P057,1:00,0,0
P057,2:00,0,0
P057,3:00,0,0
P057,4:00,0,0
P057,5:00,0,0
P057,6:00,0,0
P057,7:00,12.31208331,1.27072921
P057,8:00,24.13242701,2.836732029
P057,9:00,33.40306948,4.016691594
P057,10:00,40.88592261,4.581413264
P057,11:00,46.01322258,5.686795726
P057,12:00,47.91998414,5.470319371
P057,13:00,45.35509352,5.016804405
P057,14:00,40.21198367,4.709365896
P057,15:00,33.56533548,3.59713645
P057,16:00,23.72149853,2.898503529
P057,17:00,12.31165653,1.584053963
P057,18:00,5.73E-15,6.58E-16
P057,19:00,0,0
P057,20:00,0,0
P057,21:00,0,0
P057,22:00,0,0
P057,23:00,0,0
P058,0:00,0,0
P058,1:00,0,0
P058,2:00,0,0
P058,3:00,0,0
P058,4:00,0,0
P058,5:00,0,0
P058,6:00,0,0
P058,7:00,12.51560427,1.329702885
P058,8:00,23.96768739,2.669138843
P058,9:00,34.2144317,3.514221307
P058,10:00,41.17316262,4.210667244
P058,11:00,46.29430122,4.769549121
P058,12:00,46.35588356,5.164857407
P058,13:00,46.74204331,4.618735078
P058,14:00,40.96642321,4.244080125
P058,15:00,34.09554008,3.972772802
P058,16:00,23.34139463,2.518184641
P058,17:00,12.50343764,1.42105962
P058,18:00,5.86E-15,5.96E-16
P058,19:00,0,0
P058,20:00,0,0
P058,21:00,0,0
P058,22:00,0,0
P058,23:00,0,0
P059,0:00,0,0
P059,1:00,0,0
P059,2:00,0,0
P059,3:00,0,0
P059,4:00,0,0
P059,5:00,0,0
P059,6:00,0,0
P059,7:00,12.51797116,1.377551378
P059,8:00,24.32945268,2.537862713
P059,9:00,33.74342936,3.833291652
P059,10:00,41.78901326,4.670261534
P059,11:00,46.33639849,5.330515652
P059,12:00,47.98562136,4.983371475
P059,13:00,46.06804799,4.643232326
P059,14:00,41.81902865,4.205186301
P059,15:00,34.49543243,3.980284728
P059,16:00,24.28366317,2.786495699
P059,17:00,12.74563252,1.37832999
P059,18:00,5.95E-15,5.67E-16
P059,19:00,0,0
P059,20:00,0,0
P059,21:00,0,0
P059,22:00,0,0
P059,23:00,0,0
P060,0:00,0,0
P060,1:00,0,0
P060,2:00,0,0
P060,3:00,0,0
P060,4:00,0,0
P060,5:00,0,0
P060,6:00,0,0
P060,7:00,12.09983178,1.182673664
P060,8:00,23.66086224,2.479670613
P060,9:00,33.5649431,3.085897038
P060,10:00,39.98578376,4.589775896
P060,11:00,44.66147762,4.74421776
P060,12:00,45.60802023,5.021394795
P060,13:00,47.50291812,5.032276692
P060,14:00,40.4939799,4.627473859
P060,15:00,33.33711343,3.290723289
P060,16:00,24.350626,2.515821229
P060,17:00,12.47945642,1.304677909
P060,18:00,5.70E-15,6.52E-16
P060,19:00,0,0
P060,20:00,0,0
P060,21:00,0,0
P060,22:00,0,0
P060,23:00,0,0
P061,0:00,0,0
P061,1:00,0,0
P061,2:00,0,0
P061,3:00,0,0
P061,4:00,0,0
P061,5:00,0,0
P061,6:00,0,0
P061,7:00,12.81180304,1.577005173
P061,8:00,24.66813239,2.687024658
P061,9:00,33.29273021,4.169680931
P061,10:00,43.13320233,4.699248257
P061,11:00,47.56117331,4.802989113
P061,12:00,50.1470477,5.537259554
P061,13:00,46.91019966,5.544977733
P061,14:00,40.85081557,4.961807138
P061,15:00,34.79634964,3.39105662
P061,16:00,24.77905893,2.833498658
P061,17:00,12.79727139,1.324122855
P061,18:00,5.90E-15,7.26E-16
P061,19:00,0,0
P061,20:00,0,0
P061,21:00,0,0
P061,22:00,0,0
P061,23:00,0,0
P062,0:00,0,0
P062,1:00,0,0
P062,2:00,0,0
P062,3:00,0,0
P062,4:00,0,0
P062,5:00,0,0
P062,6:00,0,0
P062,7:00,12.6423856,1.488213308
P062,8:00,23.81675266,2.401570022
P062,9:00,34.50744012,3.442651878
P062,10:00,41.51466922,4.566537584
P062,11:00,46.30131513,5.046159782
P062,12:00,47.62250428,4.769264418
P062,13:00,45.85782246,5.01364768
P062,14:00,40.99906175,4.634988276
P062,15:00,34.1749004,3.647990726
P062,16:00,23.42927892,2.735449737
P062,17:00,12.35159403,1.454709627
P062,18:00,5.93E-15,6.66E-16
P062,19:00,0,0
P062,20:00,0,0
P062,21:00,0,0
P062,22:00,0,0
P062,23:00,0,0
P063,0:00,0,0
P063,1:00,0,0
P063,2:00,0,0
P063,3:00,0,0
P063,4:00,0,0
P063,5:00,0,0
P063,6:00,0,0
P063,7:00,12.5386542,1.360113107
P063,8:00,25.07302742,2.545648103
P063,9:00,34.51172235,4.161930872
P063,10:00,42.17840161,4.397623881
P063,11:00,47.5489226,6.084191162
P063,12:00,49.72673307,5.513993973
P063,13:00,47.29360221,5.692020897
P063,14:00,43.24837939,4.937982723
P063,15:00,35.10201396,3.677704058
P063,16:00,25.47734501,2.809750478
P063,17:00,12.66196028,1.394015476
P063,18:00,6.07E-15,6.92E-16
P063,19:00,0,0
P063,20:00,0,0
P063,21:00,0,0
P063,22:00,0,0
P063,23:00,0,0
P064,0:00,0,0
P064,1:00,0,0
P064,2:00,0,0
P064,3:00,0,0
P064,4:00,0,0
P064,5:00,0,0
P064,6:00,0,0
P064,7:00,11.94424601,1.153000738
P064,8:00,23.79600948,2.315508799
P064,9:00,33.21376294,3.611618454
P064,10:00,40.73271317,4.365008849
P064,11:00,45.54874801,4.96352284
P064,12:00,46.8564894,5.223717351
P064,13:00,44.63765821,4.859426343
P064,14:00,40.1305605,4.176351684
P064,15:00,32.80280165,3.618331416
P064,16:00,23.58565722,2.45833986
P064,17:00,12.03889728,1.356117534
P064,18:00,5.60E-15,6.02E-16
P064,19:00,0,0
P064,20:00,0,0
P064,21:00,0,0
P064,22:00,0,0
P064,23:00,0,0
P065,0:00,0,0
P065,1:00,0,0
P065,2:00,0,0
P065,3:00,0,0
P065,4:00,0,0
P065,5:00,0,0
P065,6:00,0,0
P065,7:00,12.1442818,1.426937706
P065,8:00,23.39501144,2.209035565
P065,9:00,33.3176113,3.618202152
P065,10:00,39.36689268,4.472555292
P065,11:00,45.83424173,4.839230202
P065,12:00,47.70831872,4.967226822
P065,13:00,45.94071972,5.030033346
P065,14:00,40.96222717,3.90218466
P065,15:00,33.79322114,3.618657864
P065,16:00,23.82308073,2.36526482
P065,17:00,12.51121332,1.253664567
P065,18:00,5.77E-15,6.44E-16
P065,19:00,0,0
P065,20:00,0,0
P065,21:00,0,0
P065,22:00,0,0
P065,23:00,0,0
P066,0:00,0,0
P066,1:00,0,0
P066,2:00,0,0
P066,3:00,0,0
P066,4:00,0,0
P066,5:00,0,0
P066,6:00,0,0
P066,7:00,12.3444998,1.39977564
P066,8:00,24.36532995,2.589652635
P066,9:00,35.193825,3.723565663
P066,10:00,43.83770699,4.802275422
P066,11:00,48.54867616,5.052845681
P066,12:00,48.967973,5.45848973
P066,13:00,47.82304023,4.930535918
P066,14:00,43.64355536,4.856556001
P066,15:00,35.01683816,3.806540764
P066,16:00,24.06124458,2.494658027
P066,17:00,12.65620888,1.404776453
P066,18:00,6.06E-15,6.86E-16
P066,19:00,0,0
P066,20:00,0,0
P066,21:00,0,0
P066,22:00,0,0
P066,23:00,0,0
P067,0:00,0,0
P067,1:00,0,0
P067,2:00,0,0
P067,3:00,0,0
P067,4:00,0,0
P067,5:00,0,0
P067,6:00,0,0
P067,7:00,12.27968904,1.412293454
P067,8:00,23.86585567,2.712511559
P067,9:00,34.01427574,3.618604361
P067,10:00,41.9701304,4.291737556
P067,11:00,47.1397903,4.611441487
P067,12:00,47.30203776,5.215377901
P067,13:00,47.25047281,5.190188556
P067,14:00,41.47638135,4.38914696
P067,15:00,34.10981547,3.898843499
P067,16:00,23.87872037,2.507847003
P067,17:00,12.4086698,1.502353665
P067,18:00,5.96E-15,6.99E-16
P067,19:00,0,0
P067,20:00,0,0
P067,21:00,0,0
P067,22:00,0,0
P067,23:00,0,0
P068,0:00,0,0
P068,1:00,0,0
P068,2:00,0,0
P068,3:00,0,0
P068,4:00,0,0
P068,5:00,0,0
P068,6:00,0,0
P068,7:00,12.51245444,1.442980468
P068,8:00,24.44689023,2.807981637
P068,9:00,33.55485938,3.915559758
P068,10:00,41.28817059,4.881453322
P068,11:00,48.08660203,4.875824234
P068,12:00,48.93530763,5.504069882
P068,13:00,47.28815425,5.673585583
P068,14:00,41.66524932,4.998164811
P068,15:00,34.89955839,3.78478443
P068,16:00,24.15348867,2.634216243
P068,17:00,12.22504813,1.386290938
P068,18:00,5.74E-15,6.41E-16
P068,19:00,0,0
P068,20:00,0,0
P068,21:00,0,0
P068,22:00,0,0
P068,23:00,0,0
P069,0:00,0,0
P069,1:00,0,0
P069,2:00,0,0
P069,3:00,0,0
P069,4:00,0,0
P069,5:00,0,0
P069,6:00,0,0
P069,7:00,12.90412573,1.160734224
P069,8:00,24.226869,2.616696974
P069,9:00,33.48846233,3.352532069
P069,10:00,41.09550251,4.616670037
P069,11:00,45.70002857,4.935692255
P069,12:00,47.3163143,4.971053846
P069,13:00,46.21782995,5.172111116
P069,14:00,41.78528877,4.473640056
P069,15:00,33.78142256,3.375629455
P069,16:00,23.85139788,2.307328782
P069,17:00,12.17407538,1.355249093
P069,18:00,5.75E-15,5.85E-16
P069,19:00,0,0
P069,20:00,0,0
P069,21:00,0,0
P069,22:00,0,0
P069,23:00,0,0
P070,0:00,0,0
P070,1:00,0,0
P070,2:00,0,0
P070,3:00,0,0
P070,4:00,0,0
P070,5:00,0,0
P070,6:00,0,0
P070,7:00,11.97454781,1.248335354
P070,8:00,23.43798047,2.454319411
P070,9:00,32.88982256,3.237541102
P070,10:00,41.80453074,4.408121651
P070,11:00,45.92477957,4.533355145
P070,12:00,46.73261834,4.704165231
P070,13:00,46.23802027,4.878898922
P070,14:00,41.4900336,4.301552618
P070,15:00,32.67696123,3.555906311
P070,16:00,23.13783048,2.303687386
P070,17:00,11.821756,1.262344455
P070,18:00,5.67E-15,5.71E-16
P070,19:00,0,0
P070,20:00,0,0
P070,21:00,0,0
P070,22:00,0,0
P070,23:00,0,0
P071,0:00,0,0
P071,1:00,0,0
P071,2:00,0,0
P071,3:00,0,0
P071,4:00,0,0
P071,5:00,0,0
P071,6:00,0,0
P071,7:00,12.34360914,1.381767549
P071,8:00,22.9606498,2.623186198
P071,9:00,32.23246433,3.596051779
P071,10:00,39.90269093,4.161755531
P071,11:00,42.85853668,4.949534256
P071,12:00,46.30788198,4.837729294
P071,13:00,44.82522026,4.666699159
P071,14:00,41.19088484,4.51202381
P071,15:00,32.41621731,3.354176338
P071,16:00,23.80676436,2.274862681
P071,17:00,11.79630639,1.140050905
P071,18:00,5.83E-15,6.02E-16
P071,19:00,0,0
P071,20:00,0,0
P071,21:00,0,0
P071,22:00,0,0
P071,23:00,0,0
P072,0:00,0,0
P072,1:00,0,0
P072,2:00,0,0
P072,3:00,0,0
P072,4:00,0,0
P072,5:00,0,0
P072,6:00,0,0
P072,7:00,12.37920946,1.465274314
P072,8:00,24.15487227,2.86470144
P072,9:00,34.65232335,3.977079149
P072,10:00,41.28938979,4.2395871
P072,11:00,44.87917899,5.357202093
P072,12:00,47.33898278,5.080328048
P072,13:00,45.42919416,5.033778651
P072,14:00,41.07975706,4.44523838
P072,15:00,33.82763912,3.771281604
P072,16:00,24.19380945,2.700554764
P072,17:00,12.1288948,1.435882333
P072,18:00,5.71E-15,6.24E-16
P072,19:00,0,0
P072,20:00,0,0
P072,21:00,0,0
P072,22:00,0,0
P072,23:00,0,0
P073,0:00,0,0
P073,1:00,0,0
P073,2:00,0,0
P073,3:00,0,0
P073,4:00,0,0
P073,5:00,0,0
P073,6:00,0,0
P073,7:00,12.94590172,1.358677368
P073,8:00,24.34198066,2.542528583
P073,9:00,33.93629511,3.313002515
P073,10:00,42.50447443,4.575173232
P073,11:00,46.1843078,5.025040474
P073,12:00,49.30873769,5.167818976
P073,13:00,47.83021358,4.55619179
P073,14:00,41.46510429,4.085758206
P073,15:00,34.35336978,3.604120787
P073,16:00,24.93683079,2.61290353
P073,17:00,12.5713152,1.201900351
P073,18:00,5.96E-15,5.04E-16
P073,19:00,0,0
P073,20:00,0,0
P073,21:00,0,0
P073,22:00,0,0
P073,23:00,0,0
P074,0:00,0,0
P074,1:00,0,0
P074,2:00,0,0
P074,3:00,0,0
P074,4:00,0,0
P074,5:00,0,0
P074,6:00,0,0
P074,7:00,12.27223916,1.223152831
P074,8:00,23.98019099,2.527737411
P074,9:00,33.70038078,3.328081152
P074,10:00,40.34823179,4.786507603
P074,11:00,47.58182577,5.274017206
P074,12:00,48.46518507,4.56535927
P074,13:00,46.83556933,4.831327875
P074,14:00,40.99634182,4.310111873
P074,15:00,34.65266043,3.530447737
P074,16:00,23.97843661,2.773825257
P074,17:00,12.47454819,1.200024003
P074,18:00,5.86E-15,6.94E-16
P074,19:00,0,0
P074,20:00,0,0
P074,21:00,0,0
P074,22:00,0,0
P074,23:00,0,0
P075,0:00,0,0
P075,1:00,0,0
P075,2:00,0,0
P075,3:00,0,0
P075,4:00,0,0
P075,5:00,0,0
P075,6:00,0,0
P075,7:00,12.73954627,1.119452253
P075,8:00,24.43064176,2.51048404
P075,9:00,35.73687718,3.403638679
P075,10:00,42.81523062,4.380141553
P075,11:00,45.82771035,5.051852722
P075,12:00,49.81295647,5.169960687
P075,13:00,48.58431692,4.59284564
P075,14:00,41.74787661,4.222374803
P075,15:00,34.32519816,3.71884811
P075,16:00,24.18459544,2.394080048
P075,17:00,12.69159913,1.218968829
P075,18:00,5.92E-15,5.59E-16
P075,19:00,0,0
P075,20:00,0,0
P075,21:00,0,0
P075,22:00,0,0
P075,23:00,0,0
P076,0:00,0,0
P076,1:00,0,0
P076,2:00,0,0
P076,3:00,0,0
P076,4:00,0,0
P076,5:00,0,0
P076,6:00,0,0
P076,7:00,12.27463816,1.254814331
P076,8:00,23.73465163,2.755043971
P076,9:00,34.28919633,3.890947871
P076,10:00,40.63326794,4.636759677
P076,11:00,46.00141525,4.466384867
P076,12:00,47.94974282,5.145797764
P076,13:00,46.22992573,5.301793553
P076,14:00,41.84934095,4.288097255
P076,15:00,34.19446259,3.620295285
P076,16:00,24.02725181,2.810251911
P076,17:00,12.63120937,1.311890256
P076,18:00,5.75E-15,5.89E-16
P076,19:00,0,0
P076,20:00,0,0
P076,21:00,0,0
P076,22:00,0,0
P076,23:00,0,0
P077,0:00,0,0
P077,1:00,0,0
P077,2:00,0,0
P077,3:00,0,0
P077,4:00,0,0
P077,5:00,0,0
P077,6:00,0,0
P077,7:00,12.50397475,1.266638046
P077,8:00,23.47393438,2.637827208
P077,9:00,33.80875595,3.277522364
P077,10:00,41.74720986,4.079065123
P077,11:00,48.28290807,4.661832992
P077,12:00,48.51063134,5.153391373
P077,13:00,47.16072391,4.82841166
P077,14:00,41.77451408,4.306431738
P077,15:00,33.9779895,3.265780734
P077,16:00,24.362013,2.678708425
P077,17:00,12.38503412,1.305844552
P077,18:00,5.83E-15,6.54E-16
P077,19:00,0,0
P077,20:00,0,0
P077,21:00,0,0
P077,22:00,0,0
P077,23:00,0,0
P078,0:00,0,0
P078,1:00,0,0
P078,2:00,0,0
P078,3:00,0,0
P078,4:00,0,0
P078,5:00,0,0
P078,6:00,0,0
P078,7:00,12.34168675,1.349973072
P078,8:00,23.92566062,2.791352082
P078,9:00,32.02914382,3.567760896
P078,10:00,40.58646495,4.307179706
P078,11:00,45.56959834,4.663913528
P078,12:00,46.13230116,4.918860354
P078,13:00,45.28911645,4.136455256
P078,14:00,42.01138071,4.241149294
P078,15:00,34.01488183,3.609532608
P078,16:00,23.16749796,2.564113541
P078,17:00,12.33676604,1.392387136
P078,18:00,5.84E-15,6.16E-16
P078,19:00,0,0
P078,20:00,0,0
P078,21:00,0,0
P078,22:00,0,0
P078,23:00,0,0
P079,0:00,0,0
P079,1:00,0,0
P079,2:00,0,0
P079,3:00,0,0
P079,4:00,0,0
P079,5:00,0,0
P079,6:00,0,0
P079,7:00,12.7954681,1.417728328
P079,8:00,24.04144673,2.447952815
P079,9:00,34.07457594,3.44204004
P079,10:00,41.72920966,4.843717931
P079,11:00,46.49547928,4.573106942
P079,12:00,47.25900391,4.599666287
P079,13:00,48.20834472,4.826793762
P079,14:00,42.95261144,3.534115654
P079,15:00,33.46673892,3.614641233
P079,16:00,24.94856712,2.522281631
P079,17:00,12.71661863,1.274615324
P079,18:00,5.95E-15,6.52E-16
P079,19:00,0,0
P079,20:00,0,0
P079,21:00,0,0
P079,22:00,0,0
P079,23:00,0,0
P080,0:00,0,0
P080,1:00,0,0
P080,2:00,0,0
P080,3:00,0,0
P080,4:00,0,0
P080,5:00,0,0
P080,6:00,0,0
P080,7:00,12.80331545,1.359107682
P080,8:00,24.45257042,2.444653696
P080,9:00,35.04106858,3.358757927
P080,10:00,41.03989104,3.477552146
P080,11:00,46.582973,4.848535918
P080,12:00,48.16506103,4.788125176
P080,13:00,45.29439817,5.000759328
P080,14:00,42.028266,4.211256928
P080,15:00,34.83399976,3.225907107
P080,16:00,23.36672929,2.253196546
P080,17:00,12.43657693,1.267860207
P080,18:00,6.13E-15,5.71E-16
P080,19:00,0,0
P080,20:00,0,0
P080,21:00,0,0
P080,22:00,0,0
P080,23:00,0,0
P081,0:00,0,0
P081,1:00,0,0
P081,2:00,0,0
P081,3:00,0,0
P081,4:00,0,0
P081,5:00,0,0
P081,6:00,0,0
P081,7:00,11.63422773,1.383485659
P081,8:00,22.85415691,2.648459011
P081,9:00,32.12480735,3.862226287
P081,10:00,41.1864744,4.712439978
P081,11:00,44.1252862,4.499529144
P081,12:00,47.93725197,5.573178397
P081,13:00,45.00520237,5.111085163
P081,14:00,41.02697922,4.389256169
P081,15:00,32.81178415,3.147098243
P081,16:00,23.46002671,2.672953012
P081,17:00,11.64820923,1.383450923
P081,18:00,5.79E-15,6.52E-16
P081,19:00,0,0
P081,20:00,0,0
P081,21:00,0,0
P081,22:00,0,0
P081,23:00,0,0
P082,0:00,0,0
P082,1:00,0,0
P082,2:00,0,0
P082,3:00,0,0
P082,4:00,0,0
P082,5:00,0,0
P082,6:00,0,0
P082,7:00,12.67480946,1.362870931
P082,8:00,24.20518582,2.821744981
P082,9:00,34.54399084,3.59137676
P082,10:00,41.28105895,4.467726261
P082,11:00,46.30566727,5.083875674
P082,12:00,49.77234544,5.211589549
P082,13:00,47.09973109,4.862083804
P082,14:00,42.78350639,4.473589003
P082,15:00,34.78343065,3.436887505
P082,16:00,24.54208221,2.765732803
P082,17:00,12.05996855,1.413179255
P082,18:00,5.94E-15,5.81E-16
P082,19:00,0,0
P082,20:00,0,0
P082,21:00,0,0
P082,22:00,0,0
P082,23:00,0,0
P083,0:00,0,0
P083,1:00,0,0
P083,2:00,0,0
P083,3:00,0,0
P083,4:00,0,0
P083,5:00,0,0
P083,6:00,0,0
P083,7:00,12.8480566,1.348815348
P083,8:00,25.48761174,2.737565073
P083,9:00,35.5276815,3.676709529
P083,10:00,44.39537873,4.207170648
P083,11:00,48.54782355,4.953523488
P083,12:00,49.39027377,4.651507808
P083,13:00,48.17109927,5.055064574
P083,14:00,43.02233581,4.554381595
P083,15:00,35.37788031,3.721665815
P083,16:00,24.32340288,2.353586729
P083,17:00,12.91231093,1.23751708
P083,18:00,6.03E-15,6.13E-16
P083,19:00,0,0
P083,20:00,0,0
P083,21:00,0,0
P083,22:00,0,0
P083,23:00,0,0
P084,0:00,0,0
P084,1:00,0,0
P084,2:00,0,0
P084,3:00,0,0
P084,4:00,0,0
P084,5:00,0,0
P084,6:00,0,0
P084,7:00,12.12132997,1.300004246
P084,8:00,23.56038071,2.592169213
P084,9:00,33.34067286,3.627188456
P084,10:00,40.86784048,4.4570162
P084,11:00,45.72170195,4.496882059
P084,12:00,47.39650706,5.382968307
P084,13:00,45.0425272,4.740523031
P084,14:00,42.25054815,4.610470067
P084,15:00,33.45609777,3.791843822
P084,16:00,23.74434806,2.576957536
P084,17:00,12.25782147,1.368565926
P084,18:00,5.93E-15,6.15E-16
P084,19:00,0,0
P084,20:00,0,0
P084,21:00,0,0
P084,22:00,0,0
P084,23:00,0,0
P085,0:00,0,0
P085,1:00,0,0
P085,2:00,0,0
P085,3:00,0,0
P085,4:00,0,0
P085,5:00,0,0
P085,6:00,0,0
P085,7:00,12.85139023,1.175471789
P085,8:00,23.90124566,2.090913908
P085,9:00,34.90225853,3.141001423
P085,10:00,42.88333223,4.400208595
P085,11:00,47.91754649,4.624273031
P085,12:00,48.70723013,4.948336449
P085,13:00,46.84808881,4.945446463
P085,14:00,42.95743622,4.39356164
P085,15:00,33.46489445,3.285629893
P085,16:00,24.08747135,2.675161502
P085,17:00,12.94594235,1.27551493
P085,18:00,5.89E-15,6.54E-16
P085,19:00,0,0
P085,20:00,0,0
P085,21:00,0,0
P085,22:00,0,0
P085,23:00,0,0
P086,0:00,0,0
P086,1:00,0,0
P086,2:00,0,0
P086,3:00,0,0
P086,4:00,0,0
P086,5:00,0,0
P086,6:00,0,0
P086,7:00,12.20027296,1.335646448
P086,8:00,23.79873404,2.517420863
P086,9:00,34.60263098,3.51167144
P086,10:00,41.75142955,4.61486453
P086,11:00,47.60627349,5.251919973
P086,12:00,48.07225521,4.78492282
P086,13:00,46.98941674,5.039056457
P086,14:00,40.95951579,3.87008
P086,15:00,35.02902002,3.614856422
P086,16:00,23.64347338,2.526823135
P086,17:00,12.38202581,1.488249953
P086,18:00,5.99E-15,5.96E-16
P086,19:00,0,0
P086,20:00,0,0
P086,21:00,0,0
P086,22:00,0,0
P086,23:00,0,0
P087,0:00,0,0
P087,1:00,0,0
P087,2:00,0,0
P087,3:00,0,0
P087,4:00,0,0
P087,5:00,0,0
P087,6:00,0,0
P087,7:00,12.53619485,1.132595003
P087,8:00,24.04135629,2.321438957
P087,9:00,33.6417005,3.317505357
P087,10:00,42.3288822,4.152928789
P087,11:00,45.68841163,5.039032749
P087,12:00,48.43680429,5.210973209
P087,13:00,47.11694661,4.693826239
P087,14:00,41.38670418,4.115729568
P087,15:00,34.13211462,3.965144769
P087,16:00,23.61943248,2.746914566
P087,17:00,12.63904243,1.246439583
P087,18:00,5.96E-15,6.27E-16
P087,19:00,0,0
P087,20:00,0,0
P087,21:00,0,0
P087,22:00,0,0
P087,23:00,0,0
P088,0:00,0,0
P088,1:00,0,0
P088,2:00,0,0
P088,3:00,0,0
P088,4:00,0,0
P088,5:00,0,0
P088,6:00,0,0
P088,7:00,12.16468131,1.361749009
P088,8:00,22.6766121,2.532109307
P088,9:00,32.52192343,3.985216736
P088,10:00,41.43609242,4.537218038
P088,11:00,46.76860186,5.408506755
P088,12:00,48.39049984,5.028540993
P088,13:00,45.2980271,5.066115011
P088,14:00,40.60785847,4.316274315
P088,15:00,32.1379177,3.952050134
P088,16:00,23.0164927,2.815612531
P088,17:00,12.03499249,1.369376966
P088,18:00,5.78E-15,6.42E-16
P088,19:00,0,0
P088,20:00,0,0
P088,21:00,0,0
P088,22:00,0,0
P088,23:00,0,0
P089,0:00,0,0
P089,1:00,0,0
P089,2:00,0,0
P089,3:00,0,0
P089,4:00,0,0
P089,5:00,0,0
P089,6:00,0,0
P089,7:00,12.67388373,1.360923588
P089,8:00,23.43312664,2.667131853
P089,9:00,33.32622587,3.863335815
P089,10:00,41.28769975,4.620057256
P089,11:00,45.63219372,5.256884259
P089,12:00,46.9516144,5.114763304
P089,13:00,46.03466258,5.62117929
P089,14:00,40.33992879,4.760857624
P089,15:00,33.58271364,3.96583878
P089,16:00,23.46717944,2.597774017
P089,17:00,12.06588503,1.404265935
P089,18:00,5.83E-15,6.73E-16
P089,19:00,0,0
P089,20:00,0,0
P089,21:00,0,0
P089,22:00,0,0
P089,23:00,0,0
P090,0:00,0,0
P090,1:00,0,0
P090,2:00,0,0
P090,3:00,0,0
P090,4:00,0,0
P090,5:00,0,0
P090,6:00,0,0
P090,7:00,12.69363105,1.193989611
P090,8:00,24.84158677,2.644338196
P090,9:00,34.28869723,3.673634373
P090,10:00,41.88705346,5.020183555
P090,11:00,47.69658205,4.820594524
P090,12:00,48.99922905,4.886107111
P090,13:00,47.78062792,4.882846405
P090,14:00,42.66551258,4.420208742
P090,15:00,34.38164448,3.676577777
P090,16:00,25.17273665,2.396680717
P090,17:00,12.80644925,1.297392012
P090,18:00,5.93E-15,6.44E-16
P090,19:00,0,0
P090,20:00,0,0
P090,21:00,0,0
P090,22:00,0,0
P090,23:00,0,0
P091,0:00,0,0
P091,1:00,0,0
P091,2:00,0,0
P091,3:00,0,0
P091,4:00,0,0
P091,5:00,0,0
P091,6:00,0,0
P091,7:00,12.45140162,1.281991196
P091,8:00,23.44742126,2.522926228
P091,9:00,33.33385907,3.587020143
P091,10:00,39.87623854,4.006830724
P091,11:00,45.77226514,4.843974125
P091,12:00,46.92153206,5.173099789
P091,13:00,45.67847862,5.394712119
P091,14:00,40.44591433,4.539076556
P091,15:00,33.77628988,3.59541174
P091,16:00,23.5593139,2.60563611
P091,17:00,12.19209832,1.377935298
P091,18:00,5.72E-15,6.63E-16
P091,19:00,0,0
P091,20:00,0,0
P091,21:00,0,0
P091,22:00,0,0
P091,23:00,0,0
P092,0:00,0,0
P092,1:00,0,0
P092,2:00,0,0
P092,3:00,0,0
P092,4:00,0,0
P092,5:00,0,0
P092,6:00,0,0
P092,7:00,12.54586468,1.249593421
P092,8:00,24.58065942,2.484212427
P092,9:00,35.0856734,3.976660006
P092,10:00,42.18593345,4.614402572
P092,11:00,47.05631914,5.141385953
P092,12:00,47.88915913,4.880837321
P092,13:00,47.66810955,5.136903412
P092,14:00,42.83775437,4.384338617
P092,15:00,34.43100415,3.592871079
P092,16:00,24.35130809,2.383086207
P092,17:00,12.42031386,1.305381511
P092,18:00,5.97E-15,6.33E-16
P092,19:00,0,0
P092,20:00,0,0
P092,21:00,0,0
P092,22:00,0,0
P092,23:00,0,0
P093,0:00,0,0
P093,1:00,0,0
P093,2:00,0,0
P093,3:00,0,0
P093,4:00,0,0
P093,5:00,0,0
P093,6:00,0,0
P093,7:00,13.29721037,1.36733661
P093,8:00,24.85932272,2.582669258
P093,9:00,35.34671039,3.788018473
P093,10:00,43.15860429,4.368738668
P093,11:00,48.72486333,4.86804026
P093,12:00,49.49681779,5.890094366
P093,13:00,47.56844192,4.613036408
P093,14:00,42.88695212,4.723216898
P093,15:00,34.15835012,3.616036254
P093,16:00,24.35993521,2.678933517
P093,17:00,12.86333186,1.393920015
P093,18:00,6.13E-15,6.47E-16
P093,19:00,0,0
P093,20:00,0,0
P093,21:00,0,0
P093,22:00,0,0
P093,23:00,0,0
P094,0:00,0,0
P094,1:00,0,0
P094,2:00,0,0
P094,3:00,0,0
P094,4:00,0,0
P094,5:00,0,0
P094,6:00,0,0
P094,7:00,12.39310846,1.266846105
P094,8:00,23.72382536,2.776553701
P094,9:00,33.570589,3.39669759
P094,10:00,42.40918315,4.650743214
P094,11:00,47.42578434,5.334562776
P094,12:00,48.94802921,5.161891913
P094,13:00,47.73474577,5.283299647
P094,14:00,43.49361263,4.32608373
P094,15:00,35.32458346,3.69119182
P094,16:00,24.52930784,2.773646292
P094,17:00,13.00468876,1.305170761
P094,18:00,5.86E-15,6.01E-16
P094,19:00,0,0
P094,20:00,0,0
P094,21:00,0,0
P094,22:00,0,0
P094,23:00,0,0
P095,0:00,0,0
P095,1:00,0,0
P095,2:00,0,0
P095,3:00,0,0
P095,4:00,0,0
P095,5:00,0,0
P095,6:00,0,0
P095,7:00,12.59392732,1.326150416
P095,8:00,23.71063381,2.480446201
P095,9:00,33.87612801,3.496787023
P095,10:00,40.84771944,4.249122629
P095,11:00,45.78909772,4.549348386
P095,12:00,47.78332921,4.889191185
P095,13:00,46.89529505,4.59037391
P095,14:00,40.45158825,4.227720413
P095,15:00,33.45322636,3.540310138
P095,16:00,23.71504164,2.240500516
P095,17:00,12.30344017,1.378403647
P095,18:00,5.78E-15,5.75E-16
P095,19:00,0,0
P095,20:00,0,0
P095,21:00,0,0
P095,22:00,0,0
P095,23:00,0,0
P096,0:00,0,0
P096,1:00,0,0
P096,2:00,0,0
P096,3:00,0,0
P096,4:00,0,0
P096,5:00,0,0
P096,6:00,0,0
P096,7:00,11.78793081,1.287312961
P096,8:00,23.58035929,2.460856662
P096,9:00,33.24136613,3.255499886
P096,10:00,40.80257012,3.740293343
P096,11:00,44.94536391,4.127378578
P096,12:00,46.85606136,5.412086551
P096,13:00,45.08008322,4.531279177
P096,14:00,40.52584638,4.195742522
P096,15:00,33.54745916,3.198035008
P096,16:00,23.78258904,2.505726355
P096,17:00,12.24533916,1.25845146
P096,18:00,5.81E-15,5.37E-16
P096,19:00,0,0
P096,20:00,0,0
P096,21:00,0,0
P096,22:00,0,0
P096,23:00,0,0
P097,0:00,0,0
P097,1:00,0,0
P097,2:00,0,0
P097,3:00,0,0
P097,4:00,0,0
P097,5:00,0,0
P097,6:00,0,0
P097,7:00,12.02052287,1.078929534
P097,8:00,23.60284042,2.515822387
P097,9:00,32.36697467,3.465022615
P097,10:00,40.54646632,4.326951463
P097,11:00,44.30561669,4.767040716
P097,12:00,46.5677654,4.747178285
P097,13:00,45.92199895,4.602512511
P097,14:00,40.26513199,3.87167637
P097,15:00,33.25162921,3.244740225
P097,16:00,23.38869987,2.601426367
P097,17:00,12.21070419,1.235784959
P097,18:00,5.67E-15,6.92E-16
P097,19:00,0,0
P097,20:00,0,0
P097,21:00,0,0
P097,22:00,0,0
P097,23:00,0,0
P098,0:00,0,0
P098,1:00,0,0
P098,2:00,0,0
P098,3:00,0,0
P098,4:00,0,0
P098,5:00,0,0
P098,6:00,0,0
P098,7:00,12.11906234,1.41395336
P098,8:00,24.01790558,2.539558459
P098,9:00,32.98907159,3.384441098
P098,10:00,41.37509285,4.735234184
P098,11:00,45.78848536,4.539069702
P098,12:00,47.34146518,5.325400857
P098,13:00,45.14028062,4.880889233
P098,14:00,39.97715855,4.869253104
P098,15:00,33.21836952,3.52134736
P098,16:00,23.93693668,2.327382438
P098,17:00,12.45490632,1.26173685
P098,18:00,5.86E-15,6.42E-16
P098,19:00,0,0
P098,20:00,0,0
P098,21:00,0,0
P098,22:00,0,0
P098,23:00,0,0
P099,0:00,0,0
P099,1:00,0,0
P099,2:00,0,0
P099,3:00,0,0
P099,4:00,0,0
P099,5:00,0,0
P099,6:00,0,0
P099,7:00,12.73654428,1.454538686
P099,8:00,24.03041084,2.750136236
P099,9:00,33.34753503,4.025426579
P099,10:00,40.87049825,4.959471876
P099,11:00,46.44281087,5.182869587
P099,12:00,47.44718509,4.998476442
P099,13:00,44.28389747,5.296692677
P099,14:00,41.91123778,4.976817402
P099,15:00,33.92368512,3.844873628
P099,16:00,23.99916353,2.572859659
P099,17:00,12.45783226,1.423549407
P099,18:00,5.83E-15,7.07E-16
P099,19:00,0,0
P099,20:00,0,0
P099,21:00,0,0
P099,22:00,0,0
P099,23:00,0,0
P100,0:00,0,0
P100,1:00,0,0
P100,2:00,0,0
P100,3:00,0,0
P100,4:00,0,0
P100,5:00,0,0
P100,6:00,0,0
P100,7:00,12.37556919,1.421445626
P100,8:00,23.49054077,2.414655064
P100,9:00,33.89869351,3.8077251
P100,10:00,41.19886855,4.446323971
P100,11:00,44.98455922,4.656729416
P100,12:00,48.5434059,5.173517234
P100,13:00,44.14989976,4.743331389
P100,14:00,40.49851914,4.519606698
P100,15:00,32.98043055,3.335712882
P100,16:00,23.59174951,2.432198324
P100,17:00,12.35563137,1.317827103
P100,18:00,5.71E-15,5.74E-16
P100,19:00,0,0
P100,20:00,0,0
P100,21:00,0,0
P100,22:00,0,0
P100,23:00,0,0