panel_id,time,voltage,current
P001,0:00,0.0,0.0
P001,1:00,0.0,0.0
P001,2:00,0.0,0.0
P001,3:00,0.0,0.0
P001,4:00,0.0,0.0
P001,5:00,0.0,0.0
P001,6:00,0.0,0.0
P001,7:00,13.13703360851161,1.2843579877110205
P001,8:00,25.10944572442967,2.4806343062638114
P001,9:00,36.15693115210793,3.3168993481125386
P001,10:00,42.93795729045668,4.519553509954833
P001,11:00,48.603265119413315,5.279668849996764
P001,12:00,51.27610348955917,5.276826409558301
P001,13:00,49.62548897291134,4.874229604369808
P001,14:00,42.313568682773365,4.428403109742099
P001,15:00,36.972884431235144,3.502565727741849
P001,16:00,24.913013964099175,2.6977946252482625
P001,17:00,13.122554971270883,1.4025726660921007
P001,18:00,6.278164889014615e-15,6.422852310141213e-16
P001,19:00,0.0,0.0
P001,20:00,0.0,0.0
P001,21:00,0.0,0.0
P001,22:00,0.0,0.0
P001,23:00,0.0,0.0
P002,0:00,0.0,0.0
P002,1:00,0.0,0.0
P002,2:00,0.0,0.0
P002,3:00,0.0,0.0
P002,4:00,0.0,0.0
P002,5:00,0.0,0.0
P002,6:00,0.0,0.0
P002,7:00,12.580564976814845,1.2182756959252474
P002,8:00,25.22129002713789,2.2781194399148257
P002,9:00,34.35396856396815,3.441090444241956
P002,10:00,42.705977720334644,4.446755594544393
P002,11:00,46.945802426541064,4.938973612483361
P002,12:00,47.65564376530419,4.92281790404926
P002,13:00,47.486608221690204,4.480357925327214
P002,14:00,42.9421971950875,4.030893681931546
P002,15:00,33.91323561849519,3.668758629333892
P002,16:00,24.6487219320019,2.5246235185084127
P002,17:00,12.8474502992528,1.2623055512687285
P002,18:00,6.009805579153819e-15,5.956746372934653e-16
P002,19:00,0.0,0.0
P002,20:00,0.0,0.0
P002,21:00,0.0,0.0
P002,22:00,0.0,0.0
P002,23:00,0.0,0.0
P003,0:00,0.0,0.0
P003,1:00,0.0,0.0
P003,2:00,0.0,0.0
P003,3:00,0.0,0.0
P003,4:00,0.0,0.0
P003,5:00,0.0,0.0
P003,6:00,0.0,0.0
P003,7:00,12.74741810503216,1.2931739086794432
P003,8:00,23.777718179844126,2.825606203025796
P003,9:00,33.443803193825225,3.3427685044960147
P003,10:00,41.93092492063443,4.797446874691411
P003,11:00,46.354284691718355,4.640083825002624
P003,12:00,49.20909842814798,5.0095495323913575
P003,13:00,33.33436571342346,3.6709273413054344
P003,14:00,41.32635209438388,4.375384074422835
P003,15:00,34.37122417739765,3.3303598823493434
P003,16:00,23.428016249340345,2.319859506764217
P003,17:00,12.711106829809685,1.3331209684353458
P003,18:00,5.982567089053598e-15,6.482450518677025e-16
P003,19:00,0.0,0.0
P003,20:00,0.0,0.0
P003,21:00,0.0,0.0
P003,22:00,0.0,0.0
P003,23:00,0.0,0.0
P004,0:00,0.0,0.0
P004,1:00,0.0,0.0
P004,2:00,0.0,0.0
P004,3:00,0.0,0.0
P004,4:00,0.0,0.0
P004,5:00,0.0,0.0
P004,6:00,0.0,0.0
P004,7:00,12.29346216525922,1.1481779103600205
P004,8:00,23.315090635235823,2.4361423783105125
P004,9:00,33.74889315882691,3.2411620296603942
P004,10:00,40.89821654677887,3.882029214929582
P004,11:00,46.47909548928208,4.602579359964567
P004,12:00,47.72532265500382,4.429364719291596
P004,13:00,46.40710096766864,5.005484063300384
P004,14:00,41.12965417286989,3.700520026500196
P004,15:00,33.562193695854006,3.2027863209831104
P004,16:00,24.143054595247005,2.4211616422178115
P004,17:00,12.169837762413461,1.2610869332804167
P004,18:00,5.7266533368550406e-15,5.853049739121455e-16
P004,19:00,0.0,0.0
P004,20:00,0.0,0.0
P004,21:00,0.0,0.0
P004,22:00,0.0,0.0
P004,23:00,0.0,0.0
P005,0:00,0.0,0.0
P005,1:00,0.0,0.0
P005,2:00,0.0,0.0
P005,3:00,0.0,0.0
P005,4:00,0.0,0.0
P005,5:00,0.0,0.0
P005,6:00,0.0,0.0
P005,7:00,11.991296429194227,1.3060362553466702
P005,8:00,22.8056037946069,2.3134418346023335
P005,9:00,32.11270219223612,3.7099741731058353
P005,10:00,39.743536501232725,4.402095450488071
P005,11:00,35.16562584014236,3.041711725922865
P005,12:00,33.34611115051262,3.6356196704428863
P005,13:00,44.68601148156235,4.705777085032737
P005,14:00,24.937597941750692,2.9106568538215365
P005,15:00,33.21332932907898,3.855075947408328
P005,16:00,23.443122649544954,2.713857500937731
P005,17:00,11.763671670174794,1.49128107227191
P005,18:00,5.663290870504177e-15,7.161725061363662e-16
P005,19:00,0.0,0.0
P005,20:00,0.0,0.0
P005,21:00,0.0,0.0
P005,22:00,0.0,0.0
P005,23:00,0.0,0.0
P006,0:00,0.0,0.0
P006,1:00,0.0,0.0
P006,2:00,0.0,0.0
P006,3:00,0.0,0.0
P006,4:00,0.0,0.0
P006,5:00,0.0,0.0
P006,6:00,0.0,0.0
P006,7:00,12.944540246218072,1.450499768580744
P006,8:00,25.010052496504024,2.5448555086930478
P006,9:00,35.88500856234385,3.3445605289090565
P006,10:00,44.17115649248197,3.947236743381392
P006,11:00,48.232121643987625,4.496907385245427
P006,12:00,48.929125641252746,5.395165241351602
P006,13:00,47.92781750010614,5.2543207814956245
P006,14:00,43.50694042620996,4.5142657065867
P006,15:00,35.63864249261986,3.5601167402941725
P006,16:00,25.678386294560482,2.5350093304048276
P006,17:00,12.782407640286594,1.4902308890088112
P006,18:00,6.07671854252769e-15,6.442823120915694e-16
P006,19:00,0.0,0.0
P006,20:00,0.0,0.0
P006,21:00,0.0,0.0
P006,22:00,0.0,0.0
P006,23:00,0.0,0.0
P007,0:00,0.0,0.0
P007,1:00,0.0,0.0
P007,2:00,0.0,0.0
P007,3:00,0.0,0.0
P007,4:00,0.0,0.0
P007,5:00,0.0,0.0
P007,6:00,0.0,0.0
P007,7:00,12.594788957712224,1.2543242527250222
P007,8:00,23.534235718687956,2.4768670376224295
P007,9:00,34.66431838702956,3.5697942920364905
P007,10:00,32.00157628421514,3.1770399105163016
P007,11:00,36.572721835254136,3.5493203920588665
P007,12:00,48.6667141020612,5.33663636676124
P007,13:00,45.72678336851053,4.716537857742515
P007,14:00,41.39111504118813,4.179366719257758
P007,15:00,34.385608568416764,3.6002233997260507
P007,16:00,24.172938770158503,2.5892201928329825
P007,17:00,12.7615728273589,1.3018771949175152
P007,18:00,6.0354555588540175e-15,5.975048951734392e-16
P007,19:00,0.0,0.0
P007,20:00,0.0,0.0
P007,21:00,0.0,0.0
P007,22:00,0.0,0.0
P007,23:00,0.0,0.0
P008,0:00,0.0,0.0
P008,1:00,0.0,0.0
P008,2:00,0.0,0.0
P008,3:00,0.0,0.0
P008,4:00,0.0,0.0
P008,5:00,0.0,0.0
P008,6:00,0.0,0.0
P008,7:00,12.508822861153066,1.4608561776757838
P008,8:00,23.973646846772628,2.557518042564604
P008,9:00,33.51153944885982,3.6471158230553047
P008,10:00,26.711533467102814,3.1054969415047182
P008,11:00,44.85707016944103,4.872897579621032
P008,12:00,36.56467046439178,3.9246017076493747
P008,13:00,44.46292495110854,5.005307287564378
P008,14:00,40.45232302739885,4.331300610089728
P008,15:00,32.270163079198554,4.0189895564502836
P008,16:00,23.599942746487645,2.7307793563330605
P008,17:00,11.940688979205675,1.3917591422562192
P008,18:00,5.679676840164086e-15,6.898649094686318e-16
P008,19:00,0.0,0.0
P008,20:00,0.0,0.0
P008,21:00,0.0,0.0
P008,22:00,0.0,0.0
P008,23:00,0.0,0.0
P009,0:00,0.0,0.0
P009,1:00,0.0,0.0
P009,2:00,0.0,0.0
P009,3:00,0.0,0.0
P009,4:00,0.0,0.0
P009,5:00,0.0,0.0
P009,6:00,0.0,0.0
P009,7:00,12.177355047654304,1.2229844694226235
P009,8:00,22.44978348794611,2.7289430902159046
P009,9:00,34.274990713256976,3.337091916585547
P009,10:00,39.69816241113292,4.963144379660305
P009,11:00,45.60329088647992,4.915555704083764
P009,12:00,46.92714223254945,5.049465055804724
P009,13:00,45.0174497909432,4.750631434783737
P009,14:00,39.956929462304075,3.9476325417586713
P009,15:00,32.7066743983613,3.336756158623552
P009,16:00,23.235838148351064,2.170771027248022
P009,17:00,12.26960460263075,1.3040937700972786
P009,18:00,5.609828659729038e-15,5.914244515768654e-16
P009,19:00,0.0,0.0
P009,20:00,0.0,0.0
P009,21:00,0.0,0.0
P009,22:00,0.0,0.0
P009,23:00,0.0,0.0
P010,0:00,0.0,0.0
P010,1:00,0.0,0.0
P010,2:00,0.0,0.0
P010,3:00,0.0,0.0
P010,4:00,0.0,0.0
P010,5:00,0.0,0.0
P010,6:00,0.0,0.0
P010,7:00,12.509238614426147,1.2070466897767442
P010,8:00,23.566375181444673,2.499231860912108
P010,9:00,33.99742162634164,3.571816578098666
P010,10:00,41.735963396778224,4.305430549304873
P010,11:00,29.345053437100805,3.716740064660894
P010,12:00,48.64325780535511,4.738624384203563
P010,13:00,44.10203965562827,4.869489833903187
P010,14:00,25.027642419018886,2.690951933168282
P010,15:00,33.72183549891156,3.866095330083666
P010,16:00,23.575245421037923,2.408053273040252
P010,17:00,12.48704351868237,1.3202838159377277
P010,18:00,5.8710493088042525e-15,5.992854039733959e-16
P010,19:00,0.0,0.0
P010,20:00,0.0,0.0
P010,21:00,0.0,0.0
P010,22:00,0.0,0.0
P010,23:00,0.0,0.0
P011,0:00,0.0,0.0
P011,1:00,0.0,0.0
P011,2:00,0.0,0.0
P011,3:00,0.0,0.0
P011,4:00,0.0,0.0
P011,5:00,0.0,0.0
P011,6:00,0.0,0.0
P011,7:00,12.397269864501993,1.3338862183975264
P011,8:00,24.12795060722585,2.238977177679677
P011,9:00,35.11395580779045,3.8923634629166255
P011,10:00,26.528614851840615,3.5036502553131172
P011,11:00,46.370343098688885,4.68447516039191
P011,12:00,29.65981876727024,3.280595972184249
P011,13:00,30.146017174387453,3.4961340538290657
P011,14:00,42.863453941643755,4.595141327353266
P011,15:00,35.548424050356,3.68266630928936
P011,16:00,24.369443936934033,2.322952108053873
P011,17:00,12.802717267751346,1.3211881075468506
P011,18:00,5.878519545180675e-15,6.678889222494812e-16
P011,19:00,0.0,0.0
P011,20:00,0.0,0.0
P011,21:00,0.0,0.0
P011,22:00,0.0,0.0
P011,23:00,0.0,0.0
P012,0:00,0.0,0.0
P012,1:00,0.0,0.0
P012,2:00,0.0,0.0
P012,3:00,0.0,0.0
P012,4:00,0.0,0.0
P012,5:00,0.0,0.0
P012,6:00,0.0,0.0
P012,7:00,12.773195760456284,1.2889435269125222
P012,8:00,25.04509903663152,2.2591293872146667
P012,9:00,35.723124739298854,3.6439309007907514
P012,10:00,32.56587232252374,2.9546669422194074
P012,11:00,32.105819589724945,3.591995191215132
P012,12:00,30.317949747061895,3.320211024248828
P012,13:00,48.46766161383783,4.804377024362434
P012,14:00,42.63769230500003,4.227102185239769
P012,15:00,35.42745027588311,3.6426014268545783
P012,16:00,25.4880344720845,2.6720388145029745
P012,17:00,12.808234702923372,1.159068077422675
P012,18:00,6.227886729685375e-15,6.229730492171362e-16
P012,19:00,0.0,0.0
P012,20:00,0.0,0.0
P012,21:00,0.0,0.0
P012,22:00,0.0,0.0
P012,23:00,0.0,0.0
P013,0:00,0.0,0.0
P013,1:00,0.0,0.0
P013,2:00,0.0,0.0
P013,3:00,0.0,0.0
P013,4:00,0.0,0.0
P013,5:00,0.0,0.0
P013,6:00,0.0,0.0
P013,7:00,12.010159940828764,1.288084310973875
P013,8:00,23.58281827441037,2.5916201523836957
P013,9:00,33.64556114747761,3.626308534391871
P013,10:00,28.396829609096365,3.005694969337585
P013,11:00,44.65132945010844,4.945041506710364
P013,12:00,36.16692022142994,3.407088402773313
P013,13:00,45.41063808133993,4.9130823313305925
P013,14:00,41.199891188366195,4.1320031261091135
P013,15:00,33.21651368514036,3.749117614938995
P013,16:00,24.31127491592478,2.8204095046816007
P013,17:00,12.156015009616993,1.3860595961663873
P013,18:00,5.94111926921895e-15,6.383421298398529e-16
P013,19:00,0.0,0.0
P013,20:00,0.0,0.0
P013,21:00,0.0,0.0
P013,22:00,0.0,0.0
P013,23:00,0.0,0.0
P014,0:00,0.0,0.0
P014,1:00,0.0,0.0
P014,2:00,0.0,0.0
P014,3:00,0.0,0.0
P014,4:00,0.0,0.0
P014,5:00,0.0,0.0
P014,6:00,0.0,0.0
P014,7:00,12.138777177998481,1.4167798256527717
P014,8:00,23.91366725091274,2.5224660554310656
P014,9:00,32.58773140024982,3.599664698454269
P014,10:00,41.86348157322407,4.223672753720373
P014,11:00,45.307184738667985,4.724399043668098
P014,12:00,29.512915356760594,3.559525560575114
P014,13:00,46.53613987461791,4.669067551563217
P014,14:00,26.238272466024206,3.175411802024956
P014,15:00,33.595326222834416,3.338566390353494
P014,16:00,24.40163165780413,2.280338631581502
P014,17:00,12.305154747037625,1.2846106650937918
P014,18:00,5.782971376144197e-15,6.153793145918815e-16
P014,19:00,0.0,0.0
P014,20:00,0.0,0.0
P014,21:00,0.0,0.0
P014,22:00,0.0,0.0
P014,23:00,0.0,0.0
P015,0:00,0.0,0.0
P015,1:00,0.0,0.0
P015,2:00,0.0,0.0
P015,3:00,0.0,0.0
P015,4:00,0.0,0.0
P015,5:00,0.0,0.0
P015,6:00,0.0,0.0
P015,7:00,12.4075971787504,1.3695356088725643
P015,8:00,23.94310209880594,2.6160264192969516
P015,9:00,32.6592831699808,3.2656879886714973
P015,10:00,39.93064464771515,4.592867018370294
P015,11:00,28.400614676085667,3.604120093818693
P015,12:00,46.69752701886398,5.131497415007634
P015,13:00,46.5493811469207,4.994312343362971
P015,14:00,41.38698437775271,4.428590714242422
P015,15:00,32.43982603476844,3.5714737380418424
P015,16:00,23.744425825858904,2.6281114247621926
P015,17:00,12.404066376665513,1.2190673098451428
P015,18:00,5.6653296376070845e-15,5.757889575416572e-16
P015,19:00,0.0,0.0
P015,20:00,0.0,0.0
P015,21:00,0.0,0.0
P015,22:00,0.0,0.0
P015,23:00,0.0,0.0
P016,0:00,0.0,0.0
P016,1:00,0.0,0.0
P016,2:00,0.0,0.0
P016,3:00,0.0,0.0
P016,4:00,0.0,0.0
P016,5:00,0.0,0.0
P016,6:00,0.0,0.0
P016,7:00,12.276644573799267,1.4146074622010318
P016,8:00,24.013135303964756,2.6908643045988416
P016,9:00,33.38412004320257,3.784837640517152
P016,10:00,41.98174000205888,4.592047295017051
P016,11:00,30.165995895565203,3.330027089674838
P016,12:00,30.46593431373256,3.98583604580408
P016,13:00,44.44613162499756,4.860521869934387
P016,14:00,40.97812933743524,4.568515781440366
P016,15:00,33.66101626645737,3.8320264935221506
P016,16:00,23.614937156274912,2.432070091975392
P016,17:00,12.310301719848807,1.4191570456705773
P016,18:00,5.823037813109773e-15,6.328658146934358e-16
P016,19:00,0.0,0.0
P016,20:00,0.0,0.0
P016,21:00,0.0,0.0
P016,22:00,0.0,0.0
P016,23:00,0.0,0.0
P017,0:00,0.0,0.0
P017,1:00,0.0,0.0
P017,2:00,0.0,0.0
P017,3:00,0.0,0.0
P017,4:00,0.0,0.0
P017,5:00,0.0,0.0
P017,6:00,0.0,0.0
P017,7:00,12.485971073866498,1.303865590774468
P017,8:00,24.263813591452625,2.27558279673245
P017,9:00,33.69293320437343,3.317280791287172
P017,10:00,26.271342277685644,3.2141808890478694
P017,11:00,44.42508509293935,4.8652920671145505
P017,12:00,48.2235348135405,4.465757126271231
P017,13:00,45.377709364820944,4.562298820424023
P017,14:00,29.301688295206343,3.3478365642701933
P017,15:00,33.45931497715855,3.2353162489360487
P017,16:00,24.250625974601206,2.3976008697398217
P017,17:00,12.176141453301065,1.3262994458398718
P017,18:00,5.959080165443806e-15,5.490578085091447e-16
P017,19:00,0.0,0.0
P017,20:00,0.0,0.0
P017,21:00,0.0,0.0
P017,22:00,0.0,0.0
P017,23:00,0.0,0.0
P018,0:00,0.0,0.0
P018,1:00,0.0,0.0
P018,2:00,0.0,0.0
P018,3:00,0.0,0.0
P018,4:00,0.0,0.0
P018,5:00,0.0,0.0
P018,6:00,0.0,0.0
P018,7:00,12.370168832983026,1.3450454990325933
P018,8:00,23.296325252457006,2.4464027281653835
P018,9:00,33.19052976607638,3.623577572288179
P018,10:00,40.40788787296801,3.9538817871420235
P018,11:00,44.96787548736305,4.946418311121606
P018,12:00,36.59367894901283,3.6966369681202544
P018,13:00,46.27377580604298,4.365244551232828
P018,14:00,41.69261097060591,4.394880266659009
P018,15:00,33.13935916961872,3.3456181583887115
P018,16:00,23.775942643419302,2.6567114135738126
P018,17:00,11.894264500529538,1.342917332856835
P018,18:00,5.8316348220778655e-15,6.09929032422443e-16
P018,19:00,0.0,0.0
P018,20:00,0.0,0.0
P018,21:00,0.0,0.0
P018,22:00,0.0,0.0
P018,23:00,0.0,0.0
P019,0:00,0.0,0.0
P019,1:00,0.0,0.0
P019,2:00,0.0,0.0
P019,3:00,0.0,0.0
P019,4:00,0.0,0.0
P019,5:00,0.0,0.0
P019,6:00,0.0,0.0
P019,7:00,12.161637907550165,1.5050951101873977
P019,8:00,23.76286316398918,2.7965171313349746
P019,9:00,33.76082286947898,3.9064343804290997
P019,10:00,32.24425370764554,3.1203985994347057
P019,11:00,31.188120761531934,3.397239619391197
P019,12:00,30.882325724651935,3.503319140924569
P019,13:00,45.843887392770334,4.892161971464645
P019,14:00,41.446258280720194,4.055659919010042
P019,15:00,33.777263867132206,3.9081170569754224
P019,16:00,23.96129020571191,2.8265699203857215
P019,17:00,12.28553533399509,1.208220469701714
P019,18:00,5.896090126952984e-15,5.8434707715187465e-16
P019,19:00,0.0,0.0
P019,20:00,0.0,0.0
P019,21:00,0.0,0.0
P019,22:00,0.0,0.0
P019,23:00,0.0,0.0
P020,0:00,0.0,0.0
P020,1:00,0.0,0.0
P020,2:00,0.0,0.0
P020,3:00,0.0,0.0
P020,4:00,0.0,0.0
P020,5:00,0.0,0.0
P020,6:00,0.0,0.0
P020,7:00,12.856634359091233,1.362326424850829
P020,8:00,24.14010788231915,2.5791901949896925
P020,9:00,36.113437618260726,3.7281472598774217
P020,10:00,25.72071627924234,2.7528441895527167
P020,11:00,31.93749930220787,3.6244703368919726
P020,12:00,50.407793858083316,5.688385888381658
P020,13:00,28.951706770395138,3.2726552242965297
P020,14:00,44.47055343484952,4.774650628614346
P020,15:00,35.393335695480346,4.072422464858812
P020,16:00,25.483960956978795,2.3387472288634386
P020,17:00,12.66393916960086,1.324579225148118
P020,18:00,6.386894530308842e-15,5.89040656261356e-16
P020,19:00,0.0,0.0
P020,20:00,0.0,0.0
P020,21:00,0.0,0.0
P020,22:00,0.0,0.0
P020,23:00,0.0,0.0
P021,0:00,0.0,0.0
P021,1:00,0.0,0.0
P021,2:00,0.0,0.0
P021,3:00,0.0,0.0
P021,4:00,0.0,0.0
P021,5:00,0.0,0.0
P021,6:00,0.0,0.0
P021,7:00,12.390535080105748,1.3120346876996103
P021,8:00,24.215289707600405,2.467951446292329
P021,9:00,32.45620032865688,3.6469340336570557
P021,10:00,25.615892512034566,2.7906178391891383
P021,11:00,45.98248106840942,5.014583184956595
P021,12:00,38.51636703915942,3.856340311857085
P021,13:00,45.053128024199154,4.903741345586156
P021,14:00,40.3366148059478,4.478554629480093
P021,15:00,33.6479499065588,3.2924385113099817
P021,16:00,24.25167811096257,2.5978162467257566
P021,17:00,12.5189364151014,1.2281926504825151
P021,18:00,5.6027912902482185e-15,6.220317851560204e-16
P021,19:00,0.0,0.0
P021,20:00,0.0,0.0
P021,21:00,0.0,0.0
P021,22:00,0.0,0.0
P021,23:00,0.0,0.0
P022,0:00,0.0,0.0
P022,1:00,0.0,0.0
P022,2:00,0.0,0.0
P022,3:00,0.0,0.0
P022,4:00,0.0,0.0
P022,5:00,0.0,0.0
P022,6:00,0.0,0.0
P022,7:00,12.127784833050143,1.2692773810289408
P022,8:00,23.164692838816304,2.4125802398563185
P022,9:00,33.7342133308171,3.6877656983873903
P022,10:00,42.52519282951814,4.207137929439554
P022,11:00,45.67121476122085,4.772033608142373
P022,12:00,46.6411233061421,4.749712404960185
P022,13:00,30.145216444082816,3.6319442362132395
P022,14:00,31.92985872716225,2.8571479199502
P022,15:00,32.939241869318046,3.655966193633114
P022,16:00,24.250471959742733,2.409986827613094
P022,17:00,12.257598678881429,1.2684067722983443
P022,18:00,5.813926588533696e-15,5.852631463756377e-16
P022,19:00,0.0,0.0
P022,20:00,0.0,0.0
P022,21:00,0.0,0.0
P022,22:00,0.0,0.0
P022,23:00,0.0,0.0
P023,0:00,0.0,0.0
P023,1:00,0.0,0.0
P023,2:00,0.0,0.0
P023,3:00,0.0,0.0
P023,4:00,0.0,0.0
P023,5:00,0.0,0.0
P023,6:00,0.0,0.0
P023,7:00,12.723765688707148,1.3616265111975971
P023,8:00,24.360023487404497,2.6278752013489095
P023,9:00,35.09019095799922,3.6637091480205664
P023,10:00,43.17779260089285,4.647058586975966
P023,11:00,35.87571036435799,3.4668548864167237
P023,12:00,35.583293518501364,4.018348638317984
P023,13:00,32.91557299840456,3.4345510553578635
P023,14:00,43.25829112382028,4.752230500839711
P023,15:00,34.13954929843037,3.5882750425631995
P023,16:00,24.96693786249335,2.645986908108824
P023,17:00,12.5829297717382,1.298678665819597
P023,18:00,6.193766046215804e-15,5.335028854302261e-16
P023,19:00,0.0,0.0
P023,20:00,0.0,0.0
P023,21:00,0.0,0.0
P023,22:00,0.0,0.0
P023,23:00,0.0,0.0
P024,0:00,0.0,0.0
P024,1:00,0.0,0.0
P024,2:00,0.0,0.0
P024,3:00,0.0,0.0
P024,4:00,0.0,0.0
P024,5:00,0.0,0.0
P024,6:00,0.0,0.0
P024,7:00,13.036066043422892,1.226244219201231
P024,8:00,24.636034790371625,2.5269872395638733
P024,9:00,35.52888382022519,3.5036726493243213
P024,10:00,28.414652329270325,3.2448977031536397
P024,11:00,48.016735467172396,5.190031983228736
P024,12:00,49.99102503886078,4.929186057663347
P024,13:00,48.493267920086446,5.025756393971758
P024,14:00,33.13768299953595,3.5641488443020366
P024,15:00,35.981367040029745,3.4379304462650757
P024,16:00,25.15010962198309,2.5237524208095055
P024,17:00,12.801676520999209,1.3102563756430912
P024,18:00,6.042872085200878e-15,6.938153755494484e-16
P024,19:00,0.0,0.0
P024,20:00,0.0,0.0
P024,21:00,0.0,0.0
P024,22:00,0.0,0.0
P024,23:00,0.0,0.0
P025,0:00,0.0,0.0
P025,1:00,0.0,0.0
P025,2:00,0.0,0.0
P025,3:00,0.0,0.0
P025,4:00,0.0,0.0
P025,5:00,0.0,0.0
P025,6:00,0.0,0.0
P025,7:00,12.41221038520663,1.4626799522842509
P025,8:00,23.990213719085624,2.4541068707699734
P025,9:00,34.27126544473446,3.3648498370858757
P025,10:00,28.091427265295874,3.055896679805379
P025,11:00,46.22594393027034,5.059915372177061
P025,12:00,47.39669701137559,5.605754639998282
P025,13:00,30.679295299651297,3.2998968346588864
P025,14:00,28.468751019845804,2.9406668715794773
P025,15:00,33.8079847395694,3.347349396218816
P025,16:00,23.24695839575701,2.7714962346513277
P025,17:00,12.324236277457548,1.3244212000754263
P025,18:00,5.9482520304749976e-15,7.101882801902942e-16
P025,19:00,0.0,0.0
P025,20:00,0.0,0.0
P025,21:00,0.0,0.0
P025,22:00,0.0,0.0
P025,23:00,0.0,0.0
P026,0:00,0.0,0.0
P026,1:00,0.0,0.0
P026,2:00,0.0,0.0
P026,3:00,0.0,0.0
P026,4:00,0.0,0.0
P026,5:00,0.0,0.0
P026,6:00,0.0,0.0
P026,7:00,12.786692661630052,1.3415578003995874
P026,8:00,24.363259229647838,2.3709055732610342
P026,9:00,33.42543867075006,3.479954791706809
P026,10:00,42.61525808236145,3.83395031407985
P026,11:00,47.88080425566674,4.914745402950141
P026,12:00,36.83460293449506,3.049109245452491
P026,13:00,36.73244727003359,3.6073662609979613
P026,14:00,41.923043962294976,4.210592204470036
P026,15:00,35.292990894240575,3.4732484109028436
P026,16:00,24.67851857798531,2.5230283218444587
P026,17:00,13.035466720647095,1.3033045643175054
P026,18:00,5.977789322443059e-15,5.872339061433098e-16
P026,19:00,0.0,0.0
P026,20:00,0.0,0.0
P026,21:00,0.0,0.0
P026,22:00,0.0,0.0
P026,23:00,0.0,0.0
P027,0:00,0.0,0.0
P027,1:00,0.0,0.0
P027,2:00,0.0,0.0
P027,3:00,0.0,0.0
P027,4:00,0.0,0.0
P027,5:00,0.0,0.0
P027,6:00,0.0,0.0
P027,7:00,12.073599789554557,1.1991891229706357
P027,8:00,23.63292056888959,2.306888715048414
P027,9:00,33.21682603915945,3.2599139477993093
P027,10:00,32.37882231025125,3.1147564089179864
P027,11:00,44.74201632044468,4.699351843148816
P027,12:00,44.96925486316487,4.262246478311351
P027,13:00,44.89602896041374,5.355516471587062
P027,14:00,39.48410969083505,4.147288893392781
P027,15:00,33.540058395292306,3.5137554648193436
P027,16:00,23.3778759496318,2.4294156164068053
P027,17:00,12.100722944774864,1.3157201593806058
P027,18:00,5.8764974206091265e-15,6.027195878649288e-16
P027,19:00,0.0,0.0
P027,20:00,0.0,0.0
P027,21:00,0.0,0.0
P027,22:00,0.0,0.0
P027,23:00,0.0,0.0
P028,0:00,0.0,0.0
P028,1:00,0.0,0.0
P028,2:00,0.0,0.0
P028,3:00,0.0,0.0
P028,4:00,0.0,0.0
P028,5:00,0.0,0.0
P028,6:00,0.0,0.0
P028,7:00,11.977977820728377,1.2973776018258636
P028,8:00,23.78760816105003,2.7749442317799105
P028,9:00,32.77556947595715,3.894245156198209
P028,10:00,29.82737941907509,2.855917886506102
P028,11:00,32.27095828851154,3.4512709991619914
P028,12:00,46.04049407581673,5.213992122191546
P028,13:00,34.31875224980504,2.9981506979303627
P028,14:00,27.761533432959702,3.818642790476193
P028,15:00,32.95777964123968,3.852547977299544
P028,16:00,24.125274351328823,2.6632837380030616
P028,17:00,11.817198209567971,1.4119643645987754
P028,18:00,6.04531856548843e-15,6.358397008616021e-16
P028,19:00,0.0,0.0
P028,20:00,0.0,0.0
P028,21:00,0.0,0.0
P028,22:00,0.0,0.0
P028,23:00,0.0,0.0
P029,0:00,0.0,0.0
P029,1:00,0.0,0.0
P029,2:00,0.0,0.0
P029,3:00,0.0,0.0
P029,4:00,0.0,0.0
P029,5:00,0.0,0.0
P029,6:00,0.0,0.0
P029,7:00,11.94104556893806,1.4656700493004218
P029,8:00,23.843519280502747,2.619441582594678
P029,9:00,34.070468879543895,3.382504929300721
P029,10:00,32.638126510890736,2.5202150049151952
P029,11:00,34.847500617515244,3.546175899965692
P029,12:00,31.798656457282128,3.613391260048427
P029,13:00,44.97435784085037,4.6265666693308845
P029,14:00,40.528179202226454,5.2146024680326315
P029,15:00,33.929955436404065,3.6410031355930332
P029,16:00,24.175918848805868,2.6469018721183084
P029,17:00,12.677040261454522,1.4384417353036896
P029,18:00,5.6518923842111186e-15,6.854951605339585e-16
P029,19:00,0.0,0.0
P029,20:00,0.0,0.0
P029,21:00,0.0,0.0
P029,22:00,0.0,0.0
P029,23:00,0.0,0.0
P030,0:00,0.0,0.0
P030,1:00,0.0,0.0
P030,2:00,0.0,0.0
P030,3:00,0.0,0.0
P030,4:00,0.0,0.0
P030,5:00,0.0,0.0
P030,6:00,0.0,0.0
P030,7:00,12.709344189517438,1.4156371051132854
P030,8:00,23.879539707029377,2.339622083699423
P030,9:00,34.164913795003166,3.341054254471936
P030,10:00,29.396159481400225,3.132939695694951
P030,11:00,48.483246785393874,4.621100850228097
P030,12:00,48.05453402068043,4.723468568271933
P030,13:00,47.786924922104255,4.613678822858802
P030,14:00,42.86258491318789,4.082097776031448
P030,15:00,33.55800832973187,3.604493239000053
P030,16:00,24.50171619783834,2.670125837852715
P030,17:00,12.812347330126416,1.2409138763862428
P030,18:00,5.811367616007434e-15,5.279907251632726e-16
P030,19:00,0.0,0.0
P030,20:00,0.0,0.0
P030,21:00,0.0,0.0
P030,22:00,0.0,0.0
P030,23:00,0.0,0.0
P031,0:00,0.0,0.0
P031,1:00,0.0,0.0
P031,2:00,0.0,0.0
P031,3:00,0.0,0.0
P031,4:00,0.0,0.0
P031,5:00,0.0,0.0
P031,6:00,0.0,0.0
P031,7:00,11.831539506352296,1.2969176574811534
P031,8:00,23.180458490085986,2.61718458990605
P031,9:00,32.894820917596505,3.627094084405348
P031,10:00,39.917399265161215,4.787326308639911
P031,11:00,44.737643501991265,4.995359112024697
P031,12:00,33.48050655219076,4.189100287670245
P031,13:00,46.181066054836236,4.814845824653569
P031,14:00,27.505594115696354,2.891900917166335
P031,15:00,33.07493209104325,3.65570525263051
P031,16:00,23.648725450244,2.6279700322522133
P031,17:00,12.284814930064385,1.3308110694611597
P031,18:00,5.79867685814405e-15,6.717598431079041e-16
P031,19:00,0.0,0.0
P031,20:00,0.0,0.0
P031,21:00,0.0,0.0
P031,22:00,0.0,0.0
P031,23:00,0.0,0.0
P032,0:00,0.0,0.0
P032,1:00,0.0,0.0
P032,2:00,0.0,0.0
P032,3:00,0.0,0.0
P032,4:00,0.0,0.0
P032,5:00,0.0,0.0
P032,6:00,0.0,0.0
P032,7:00,12.20951388689247,1.3319541347500485
P032,8:00,22.61570302227315,2.3451879044005546
P032,9:00,32.1999254390336,3.342353412131079
P032,10:00,41.4486447590278,3.7184618200956825
P032,11:00,31.23722730797453,3.5210566983208804
P032,12:00,28.29696424029238,3.258707964437796
P032,13:00,29.964099352935676,3.270045811165404
P032,14:00,39.945464121236675,4.597849165517099
P032,15:00,32.509455466413606,3.54121355728696
P032,16:00,23.453047631702983,2.4111632391970996
P032,17:00,12.007023491300098,1.2656425708754353
P032,18:00,5.6350396185333106e-15,5.885834661689666e-16
P032,19:00,0.0,0.0
P032,20:00,0.0,0.0
P032,21:00,0.0,0.0
P032,22:00,0.0,0.0
P032,23:00,0.0,0.0
P033,0:00,0.0,0.0
P033,1:00,0.0,0.0
P033,2:00,0.0,0.0
P033,3:00,0.0,0.0
P033,4:00,0.0,0.0
P033,5:00,0.0,0.0
P033,6:00,0.0,0.0
P033,7:00,12.445282827804041,1.2810772939126807
P033,8:00,24.94256901428748,2.5725379102778008
P033,9:00,33.982203631935725,3.648957544540173
P033,10:00,31.520219633092637,3.554776459295693
P033,11:00,45.05595480944624,5.204432981937047
P033,12:00,46.4242170241087,5.645633343365002
P033,13:00,47.02773088808849,5.294768686825593
P033,14:00,32.29712476186214,3.1636409460555486
P033,15:00,34.2736849189592,3.547042769874978
P033,16:00,25.09268754896276,2.559811565690968
P033,17:00,12.484070785314335,1.5093502605753657
P033,18:00,5.897601851638333e-15,6.507873545531259e-16
P033,19:00,0.0,0.0
P033,20:00,0.0,0.0
P033,21:00,0.0,0.0
P033,22:00,0.0,0.0
P033,23:00,0.0,0.0
P034,0:00,0.0,0.0
P034,1:00,0.0,0.0
P034,2:00,0.0,0.0
P034,3:00,0.0,0.0
P034,4:00,0.0,0.0
P034,5:00,0.0,0.0
P034,6:00,0.0,0.0
P034,7:00,12.114581706998527,1.415970371255009
P034,8:00,23.951065597044032,2.4885615987363794
P034,9:00,34.59571806022055,3.2055381103171188
P034,10:00,42.40155666817677,3.938136003880535
P034,11:00,46.37909030802906,4.719556434646843
P034,12:00,47.32931942018906,4.695745896704025
P034,13:00,46.84558109035475,4.351823206628861
P034,14:00,40.363064989942266,3.8638270293445767
P034,15:00,33.7914479339815,3.033439091407033
P034,16:00,23.659079005301525,2.2406372943528257
P034,17:00,12.523739758662511,1.2830797308731168
P034,18:00,5.8789732513159844e-15,5.5660009903878e-16
P034,19:00,0.0,0.0
P034,20:00,0.0,0.0
P034,21:00,0.0,0.0
P034,22:00,0.0,0.0
P034,23:00,0.0,0.0
P035,0:00,0.0,0.0
P035,1:00,0.0,0.0
P035,2:00,0.0,0.0
P035,3:00,0.0,0.0
P035,4:00,0.0,0.0
P035,5:00,0.0,0.0
P035,6:00,0.0,0.0
P035,7:00,12.755643145754593,1.1460896782218448
P035,8:00,23.64784776389387,2.308521729454192
P035,9:00,34.74481653791297,3.4914466403027062
P035,10:00,41.31090786249613,4.419895484439579
P035,11:00,46.16498018864879,4.367947258586261
P035,12:00,49.912332088580854,4.812072333698527
P035,13:00,46.75129879760147,4.455847130230655
P035,14:00,43.25330475364235,4.084289723121765
P035,15:00,34.11984607738034,3.6802049877721443
P035,16:00,24.452944749906486,2.2837832019941233
P035,17:00,12.846145719856604,1.381240634447717
P035,18:00,5.9952634470095235e-15,6.133881436888784e-16
P035,19:00,0.0,0.0
P035,20:00,0.0,0.0
P035,21:00,0.0,0.0
P035,22:00,0.0,0.0
P035,23:00,0.0,0.0
P036,0:00,0.0,0.0
P036,1:00,0.0,0.0
P036,2:00,0.0,0.0
P036,3:00,0.0,0.0
P036,4:00,0.0,0.0
P036,5:00,0.0,0.0
P036,6:00,0.0,0.0
P036,7:00,12.331504535108655,1.263847306330095
P036,8:00,24.773763757802833,2.3864254917883208
P036,9:00,32.97182643132885,3.3510595311059763
P036,10:00,41.614740668494534,3.8442387327606036
P036,11:00,46.821941311952116,4.44930269812902
P036,12:00,30.147737113538067,2.8514951002360913
P036,13:00,48.40054996980869,4.86963765385233
P036,14:00,40.67368373133696,4.2614035044090715
P036,15:00,33.42653761852076,3.32275368262007
P036,16:00,24.262624752012115,2.5050794044570037
P036,17:00,12.539050489287185,1.303135307596203
P036,18:00,5.74679006163539e-15,6.039540605070619e-16
P036,19:00,0.0,0.0
P036,20:00,0.0,0.0
P036,21:00,0.0,0.0
P036,22:00,0.0,0.0
P036,23:00,0.0,0.0
P037,0:00,0.0,0.0
P037,1:00,0.0,0.0
P037,2:00,0.0,0.0
P037,3:00,0.0,0.0
P037,4:00,0.0,0.0
P037,5:00,0.0,0.0
P037,6:00,0.0,0.0
P037,7:00,12.137738596874092,1.1802228601456823
P037,8:00,24.6246334312319,2.480507966698824
P037,9:00,33.819043408532636,3.5788483566676375
P037,10:00,29.49397271421316,2.8550401018937284
P037,11:00,46.48713320360406,4.913717675536309
P037,12:00,48.07686777347653,5.222304933555998
P037,13:00,47.56566896845357,4.588913969693673
P037,14:00,27.2265003429182,2.848473429652799
P037,15:00,33.89480689837679,3.4709571567033413
P037,16:00,24.419084595732294,2.490466430889776
P037,17:00,12.696793580571544,1.3438328388402947
P037,18:00,5.921006450107995e-15,6.445116501913342e-16
P037,19:00,0.0,0.0
P037,20:00,0.0,0.0
P037,21:00,0.0,0.0
P037,22:00,0.0,0.0
P037,23:00,0.0,0.0
P038,0:00,0.0,0.0
P038,1:00,0.0,0.0
P038,2:00,0.0,0.0
P038,3:00,0.0,0.0
P038,4:00,0.0,0.0
P038,5:00,0.0,0.0
P038,6:00,0.0,0.0
P038,7:00,12.720077823124438,1.2690983469769093
P038,8:00,24.525784474260465,2.446816352409809
P038,9:00,34.66561485995282,3.3812216674838935
P038,10:00,33.59719138071551,3.1815791173587806
P038,11:00,47.68725477797156,5.0412953786048345
P038,12:00,49.35194262390488,5.1190171474044615
P038,13:00,46.46582764349196,4.682857981777508
P038,14:00,41.0150842929664,4.3111859336634195
P038,15:00,34.04672121371861,3.414216219330855
P038,16:00,23.958250759207615,2.7128035156465193
P038,17:00,12.303872015550917,1.3154306058924787
P038,18:00,5.875874889351069e-15,6.241040787354071e-16
P038,19:00,0.0,0.0
P038,20:00,0.0,0.0
P038,21:00,0.0,0.0
P038,22:00,0.0,0.0
P038,23:00,0.0,0.0
P039,0:00,0.0,0.0
P039,1:00,0.0,0.0
P039,2:00,0.0,0.0
P039,3:00,0.0,0.0
P039,4:00,0.0,0.0
P039,5:00,0.0,0.0
P039,6:00,0.0,0.0
P039,7:00,12.829111746601301,1.2640919247217968
P039,8:00,24.571885496093667,2.4664681225459337
P039,9:00,34.219154933799565,3.6869304145916946
P039,10:00,41.15915557508178,4.975122075118011
P039,11:00,29.58097847544714,3.018487285424273
P039,12:00,37.93266425092452,3.7671179185831485
P039,13:00,31.812781865463506,3.673071352999305
P039,14:00,41.47744744217062,4.489970675900789
P039,15:00,33.95630431826501,3.215800935582536
P039,16:00,24.39808529460364,2.4429019247775856
P039,17:00,12.547955399618207,1.2910363349581016
P039,18:00,6.0648141658326396e-15,5.438972753632894e-16
P039,19:00,0.0,0.0
P039,20:00,0.0,0.0
P039,21:00,0.0,0.0
P039,22:00,0.0,0.0
P039,23:00,0.0,0.0
P040,0:00,0.0,0.0
P040,1:00,0.0,0.0
P040,2:00,0.0,0.0
P040,3:00,0.0,0.0
P040,4:00,0.0,0.0
P040,5:00,0.0,0.0
P040,6:00,0.0,0.0
P040,7:00,12.467995876811498,1.195250839423615
P040,8:00,24.607613514458222,2.4444136915890797
P040,9:00,34.272170620714355,3.6177868943974905
P040,10:00,29.362331212029925,3.034925770308811
P040,11:00,28.289268461790808,3.283338075203699
P040,12:00,48.2254437709105,5.455286916242558
P040,13:00,35.898074230194155,3.131816399981395
P040,14:00,32.04303122509858,2.618357339145799
P040,15:00,34.32041033139907,3.818829972157692
P040,16:00,24.89375709034985,2.4306064842474746
P040,17:00,12.584972866430098,1.3825500401061568
P040,18:00,6.075437889713885e-15,6.373436041370004e-16
P040,19:00,0.0,0.0
P040,20:00,0.0,0.0
P040,21:00,0.0,0.0
P040,22:00,0.0,0.0
P040,23:00,0.0,0.0
P041,0:00,0.0,0.0
P041,1:00,0.0,0.0
P041,2:00,0.0,0.0
P041,3:00,0.0,0.0
P041,4:00,0.0,0.0
P041,5:00,0.0,0.0
P041,6:00,0.0,0.0
P041,7:00,12.594527736368747,1.452062214353238
P041,8:00,24.063787611262104,2.5043030036353446
P041,9:00,34.51740911226816,3.3162220376253915
P041,10:00,41.623384462808644,4.182967823083819
P041,11:00,45.93396484712447,4.711105011151358
P041,12:00,48.54841813148329,4.928128405490195
P041,13:00,45.771793307469494,4.660866738208263
P041,14:00,27.129161259830045,3.0457931582160445
P041,15:00,33.592044504125894,3.4882447105855166
P041,16:00,24.71813221575851,2.473296228143688
P041,17:00,12.678221665001404,1.375961672930438
P041,18:00,5.9153021289126256e-15,6.281130692619353e-16
P041,19:00,0.0,0.0
P041,20:00,0.0,0.0
P041,21:00,0.0,0.0
P041,22:00,0.0,0.0
P041,23:00,0.0,0.0
P042,0:00,0.0,0.0
P042,1:00,0.0,0.0
P042,2:00,0.0,0.0
P042,3:00,0.0,0.0
P042,4:00,0.0,0.0
P042,5:00,0.0,0.0
P042,6:00,0.0,0.0
P042,7:00,11.856655294180504,1.177983790830448
P042,8:00,23.405955386356265,2.390326430597294
P042,9:00,32.658699127647445,3.497952520300529
P042,10:00,41.168874401032426,3.7249220431753183
P042,11:00,45.78337967718953,4.277132045511111
P042,12:00,46.02817862486455,4.671072720831005
P042,13:00,29.937424648122438,3.1001385687657
P042,14:00,32.082255794257435,2.8639681017817837
P042,15:00,33.685524113814935,3.401698920311292
P042,16:00,23.811206777813545,2.314648586083679
P042,17:00,12.146098659585109,1.0507192278501736
P042,18:00,5.436487659325308e-15,5.443813796681863e-16
P042,19:00,0.0,0.0
P042,20:00,0.0,0.0
P042,21:00,0.0,0.0
P042,22:00,0.0,0.0
P042,23:00,0.0,0.0
P043,0:00,0.0,0.0
P043,1:00,0.0,0.0
P043,2:00,0.0,0.0
P043,3:00,0.0,0.0
P043,4:00,0.0,0.0
P043,5:00,0.0,0.0
P043,6:00,0.0,0.0
P043,7:00,12.726064392641456,1.2082002592460719
P043,8:00,24.99534429307585,2.625376416510138
P043,9:00,36.06064793027515,3.4211870402629034
P043,10:00,44.56744337372699,4.458356927123556
P043,11:00,48.49505201392794,4.850382273009157
P043,12:00,30.598608064993186,3.836834504807217
P043,13:00,46.938841217081034,4.612428271636044
P043,14:00,42.9715611260454,4.468704814744434
P043,15:00,35.06299050671169,3.3663617173399905
P043,16:00,25.40626558763216,2.456704285952826
P043,17:00,12.983205479881018,1.370035443995706
P043,18:00,6.2421963143919344e-15,5.838395217337767e-16
P043,19:00,0.0,0.0
P043,20:00,0.0,0.0
P043,21:00,0.0,0.0
P043,22:00,0.0,0.0
P043,23:00,0.0,0.0
P044,0:00,0.0,0.0
P044,1:00,0.0,0.0
P044,2:00,0.0,0.0
P044,3:00,0.0,0.0
P044,4:00,0.0,0.0
P044,5:00,0.0,0.0
P044,6:00,0.0,0.0
P044,7:00,12.414575283549867,1.1397680743478278
P044,8:00,23.874322855969847,2.63159133579183
P044,9:00,33.80370758915477,3.2590861542538723
P044,10:00,41.47825313604545,4.588530576244965
P044,11:00,28.54798958618831,3.345991312440541
P044,12:00,47.32097599012431,4.145964029546352
P044,13:00,45.413169235782036,4.901827954929803
P044,14:00,31.2869292672248,3.102576659537797
P044,15:00,33.721180515424514,3.687894229343626
P044,16:00,23.584042236136554,2.4452181593367333
P044,17:00,12.438435917888063,1.175258251897498
P044,18:00,5.800658589616979e-15,6.280866741502927e-16
P044,19:00,0.0,0.0
P044,20:00,0.0,0.0
P044,21:00,0.0,0.0
P044,22:00,0.0,0.0
P044,23:00,0.0,0.0
P045,0:00,0.0,0.0
P045,1:00,0.0,0.0
P045,2:00,0.0,0.0
P045,3:00,0.0,0.0
P045,4:00,0.0,0.0
P045,5:00,0.0,0.0
P045,6:00,0.0,0.0
P045,7:00,12.81715611856125,1.2829679512214875
P045,8:00,25.227491220895587,2.259690107112189
P045,9:00,34.17814136515347,3.427192722043051
P045,10:00,42.01239475029647,3.713159060286972
P045,11:00,47.92227498578288,4.645091066816967
P045,12:00,48.60473029634078,4.84279516059023
P045,13:00,48.29902487983529,4.013515936120399
P045,14:00,26.42698953587767,2.6759246074274077
P045,15:00,33.85106442557341,3.2801703955243386
P045,16:00,24.952043774504805,2.1608194731665162
P045,17:00,12.743456959314726,1.2932139754521366
P045,18:00,5.939393072209196e-15,5.969629054600543e-16
P045,19:00,0.0,0.0
P045,20:00,0.0,0.0
P045,21:00,0.0,0.0
P045,22:00,0.0,0.0
P045,23:00,0.0,0.0
P046,0:00,0.0,0.0
P046,1:00,0.0,0.0
P046,2:00,0.0,0.0
P046,3:00,0.0,0.0
P046,4:00,0.0,0.0
P046,5:00,0.0,0.0
P046,6:00,0.0,0.0
P046,7:00,13.07116439317731,1.2399471842601382
P046,8:00,25.018065023168127,2.35404890732454
P046,9:00,35.031168256297356,3.1275007275124107
P046,10:00,43.40314851404328,4.017151277841513
P046,11:00,32.48521527505338,3.7240394029174917
P046,12:00,47.652487939517194,4.615238228089182
P046,13:00,47.1210577788677,4.336236588258879
P046,14:00,43.26970071893442,4.1795706873562475
P046,15:00,34.076971018978114,3.0177382129652854
P046,16:00,24.573106308439407,2.2106808269898055
P046,17:00,12.711594557525528,1.029829907073207
P046,18:00,6.134416178661871e-15,6.011394256136262e-16
P046,19:00,0.0,0.0
P046,20:00,0.0,0.0
P046,21:00,0.0,0.0
P046,22:00,0.0,0.0
P046,23:00,0.0,0.0
P047,0:00,0.0,0.0
P047,1:00,0.0,0.0
P047,2:00,0.0,0.0
P047,3:00,0.0,0.0
P047,4:00,0.0,0.0
P047,5:00,0.0,0.0
P047,6:00,0.0,0.0
P047,7:00,12.434154397039224,1.3200653823833015
P047,8:00,24.268209328145073,2.5496505674604184
P047,9:00,33.7108564678332,3.5995652593971905
P047,10:00,42.819960331356114,4.686544834539562
P047,11:00,44.84644529022942,5.076165981982323
P047,12:00,47.33966339703056,5.6880784509483
P047,13:00,45.896101510016415,5.26482813009285
P047,14:00,41.48871609598416,4.670956191147004
P047,15:00,33.53168078036014,3.602147532680491
P047,16:00,23.780528625149344,2.9628629096465193
P047,17:00,12.480894605256005,1.297099867587103
P047,18:00,5.870881221380267e-15,5.695714211154431e-16
P047,19:00,0.0,0.0
P047,20:00,0.0,0.0
P047,21:00,0.0,0.0
P047,22:00,0.0,0.0
P047,23:00,0.0,0.0
P048,0:00,0.0,0.0
P048,1:00,0.0,0.0
P048,2:00,0.0,0.0
P048,3:00,0.0,0.0
P048,4:00,0.0,0.0
P048,5:00,0.0,0.0
P048,6:00,0.0,0.0
P048,7:00,12.3650283645651,1.3529494814389944
P048,8:00,24.03375229526351,2.302561696200924
P048,9:00,33.606845637843094,3.5778421395913163
P048,10:00,41.333057049314306,4.167447729017743
P048,11:00,46.85097149120292,5.077994829871773
P048,12:00,49.29007424435917,4.782862399749436
P048,13:00,47.500329281781966,4.440801927635454
P048,14:00,41.213965545933185,3.9702661353915825
P048,15:00,35.3026708407663,3.7678136945175855
P048,16:00,24.1241390964497,2.5891282140865557
P048,17:00,12.385644682802983,1.2146577885167666
P048,18:00,6.037532157909301e-15,6.063289735703043e-16
P048,19:00,0.0,0.0
P048,20:00,0.0,0.0
P048,21:00,0.0,0.0
P048,22:00,0.0,0.0
P048,23:00,0.0,0.0
P049,0:00,0.0,0.0
P049,1:00,0.0,0.0
P049,2:00,0.0,0.0
P049,3:00,0.0,0.0
P049,4:00,0.0,0.0
P049,5:00,0.0,0.0
P049,6:00,0.0,0.0
P049,7:00,12.538811511202407,1.364876665788168
P049,8:00,24.120890362635695,2.0836402473484865
P049,9:00,34.83521366482289,3.5814665669074075
P049,10:00,41.90314751399963,4.263226763644588
P049,11:00,34.86789174620066,3.183110200878806
P049,12:00,49.654295063991604,4.767997231317226
P049,13:00,31.30233545358096,2.672070117730638
P049,14:00,42.135115244253136,4.344137644733491
P049,15:00,34.399387583065106,3.4916953187194295
P049,16:00,24.595151991285082,2.4141677021594625
P049,17:00,13.162839763909588,1.4087182693956732
P049,18:00,6.041298186637444e-15,6.000310621425964e-16
P049,19:00,0.0,0.0
P049,20:00,0.0,0.0
P049,21:00,0.0,0.0
P049,22:00,0.0,0.0
P049,23:00,0.0,0.0
P050,0:00,0.0,0.0
P050,1:00,0.0,0.0
P050,2:00,0.0,0.0
P050,3:00,0.0,0.0
P050,4:00,0.0,0.0
P050,5:00,0.0,0.0
P050,6:00,0.0,0.0
P050,7:00,12.085067325821779,1.2142876710089754
P050,8:00,23.23518786379531,2.4982090449803143
P050,9:00,32.74848629163591,3.226921591353134
P050,10:00,39.97446122748507,4.1121878291691045
P050,11:00,33.77352093601342,2.7741593523235193
P050,12:00,34.9124964017156,3.576049631440245
P050,13:00,45.153685864071875,4.80491241349566
P050,14:00,39.893590913388934,4.1008072556941615
P050,15:00,33.5676343126619,3.106904409651529
P050,16:00,24.1192036342768,2.814720926674655
P050,17:00,11.893080952957087,1.2136644726652377
P050,18:00,5.6807677193945554e-15,6.177190464079445e-16
P050,19:00,0.0,0.0
P050,20:00,0.0,0.0
P050,21:00,0.0,0.0
P050,22:00,0.0,0.0
P050,23:00,0.0,0.0
P051,0:00,0.0,0.0
P051,1:00,0.0,0.0
P051,2:00,0.0,0.0
P051,3:00,0.0,0.0
P051,4:00,0.0,0.0
P051,5:00,0.0,0.0
P051,6:00,0.0,0.0
P051,7:00,12.357559333548076,1.3368419745517317
P051,8:00,23.34319349648545,2.6050892839737605
P051,9:00,33.33526186628636,3.775856663595322
P051,10:00,40.838846270437806,4.125381166050602
P051,11:00,28.39952067354706,3.3904103373741408
P051,12:00,48.651045806713356,5.116562858282913
P051,13:00,29.19467034129132,3.4854448840198327
P051,14:00,42.041000631595494,4.461339981149862
P051,15:00,33.37850550017139,3.9287436957894517
P051,16:00,23.92683034683009,2.645546283740507
P051,17:00,12.234130557381649,1.3221765429114618
P051,18:00,5.749657746191503e-15,6.290478231677306e-16
P051,19:00,0.0,0.0
P051,20:00,0.0,0.0
P051,21:00,0.0,0.0
P051,22:00,0.0,0.0
P051,23:00,0.0,0.0
P052,0:00,0.0,0.0
P052,1:00,0.0,0.0
P052,2:00,0.0,0.0
P052,3:00,0.0,0.0
P052,4:00,0.0,0.0
P052,5:00,0.0,0.0
P052,6:00,0.0,0.0
P052,7:00,12.54177374402877,1.3872420713751097
P052,8:00,24.50780996477993,2.6340794192119312
P052,9:00,34.296517291384106,3.6079060938993655
P052,10:00,42.96053691335259,4.581652664614259
P052,11:00,46.15706984727721,5.259820117627905
P052,12:00,47.39342110641879,5.440623353396483
P052,13:00,46.578511311229455,4.917078302667803
P052,14:00,42.52012027940944,4.571483245181717
P052,15:00,33.81253100539219,3.8745098447801576
P052,16:00,24.436041348957538,2.3555321541321756
P052,17:00,12.681041255309937,1.379167919742478
P052,18:00,5.92008618532254e-15,6.494373759540669e-16
P052,19:00,0.0,0.0
P052,20:00,0.0,0.0
P052,21:00,0.0,0.0
P052,22:00,0.0,0.0
P052,23:00,0.0,0.0
P053,0:00,0.0,0.0
P053,1:00,0.0,0.0
P053,2:00,0.0,0.0
P053,3:00,0.0,0.0
P053,4:00,0.0,0.0
P053,5:00,0.0,0.0
P053,6:00,0.0,0.0
P053,7:00,12.444397543947899,1.300322401688133
P053,8:00,24.20665292031999,2.429176444284816
P053,9:00,34.609540392910176,3.836840473819219
P053,10:00,25.922175464271866,2.752835613074198
P053,11:00,37.424925328019874,3.7612190622899946
P053,12:00,46.494459368002445,4.992341365789429
P053,13:00,45.873201495461316,4.281203036898333
P053,14:00,31.07594316388389,3.2614772252654802
P053,15:00,34.65180718343527,3.9890761063261544
P053,16:00,24.44528353787028,2.552960244135119
P053,17:00,12.580672498833108,1.363347199033967
P053,18:00,5.959730246952414e-15,5.998094314526316e-16
P053,19:00,0.0,0.0
P053,20:00,0.0,0.0
P053,21:00,0.0,0.0
P053,22:00,0.0,0.0
P053,23:00,0.0,0.0
P054,0:00,0.0,0.0
P054,1:00,0.0,0.0
P054,2:00,0.0,0.0
P054,3:00,0.0,0.0
P054,4:00,0.0,0.0
P054,5:00,0.0,0.0
P054,6:00,0.0,0.0
P054,7:00,12.585190743412031,1.3854621139285535
P054,8:00,24.454943850024705,2.7289949164385123
P054,9:00,35.00461930435328,3.3892605464572583
P054,10:00,42.68663192668159,4.5516533582551535
P054,11:00,47.21856942505831,5.114576793869747
P054,12:00,48.5576429529153,5.468849005279668
P054,13:00,47.747950602148045,4.865666589669676
P054,14:00,42.5107349420815,4.704934375169267
P054,15:00,34.64759422316084,3.842287580442379
P054,16:00,24.115176667460105,2.7013863433145007
P054,17:00,12.770322152567337,1.2659285638945974
P054,18:00,5.896567386270875e-15,6.45664713190837e-16
P054,19:00,0.0,0.0
P054,20:00,0.0,0.0
P054,21:00,0.0,0.0
P054,22:00,0.0,0.0
P054,23:00,0.0,0.0
P055,0:00,0.0,0.0
P055,1:00,0.0,0.0
P055,2:00,0.0,0.0
P055,3:00,0.0,0.0
P055,4:00,0.0,0.0
P055,5:00,0.0,0.0
P055,6:00,0.0,0.0
P055,7:00,12.690823409004405,1.4340198360718324
P055,8:00,25.0858533118808,2.443797692357396
P055,9:00,34.5732791068999,3.473346987700629
P055,10:00,42.73293642371199,5.029369140463914
P055,11:00,47.155587258541296,5.1275963455417415
P055,12:00,48.8467104966258,4.641278775582226
P055,13:00,47.44155584932495,4.660358194556816
P055,14:00,32.07057148343804,3.3521861820901577
P055,15:00,35.364925736318,4.121939917087492
P055,16:00,24.625944992745307,2.6451703634830595
P055,17:00,12.645839365307197,1.3978242263984317
P055,18:00,6.111732593844974e-15,6.73872521178153e-16
P055,19:00,0.0,0.0
P055,20:00,0.0,0.0
P055,21:00,0.0,0.0
P055,22:00,0.0,0.0
P055,23:00,0.0,0.0
P056,0:00,0.0,0.0
P056,1:00,0.0,0.0
P056,2:00,0.0,0.0
P056,3:00,0.0,0.0
P056,4:00,0.0,0.0
P056,5:00,0.0,0.0
P056,6:00,0.0,0.0
P056,7:00,13.026855098305532,1.1538650762428857
P056,8:00,24.884628160180164,2.469856580012027
P056,9:00,37.71060842398116,3.42313801786175
P056,10:00,43.64540992004941,4.285045164512134
P056,11:00,48.40759898814342,4.6239203315573025
P056,12:00,50.8673943012196,4.886840063277211
P056,13:00,50.125788586550605,4.391004556425386
P056,14:00,31.71946344086844,2.9294691222077875
P056,15:00,34.79657594371522,3.2795452030249375
P056,16:00,24.36953780558559,2.4700732874674953
P056,17:00,13.533528349421543,1.1668029904228425
P056,18:00,6.3500988630389444e-15,5.804541925629851e-16
P056,19:00,0.0,0.0
P056,20:00,0.0,0.0
P056,21:00,0.0,0.0
P056,22:00,0.0,0.0
P056,23:00,0.0,0.0
P057,0:00,0.0,0.0
P057,1:00,0.0,0.0
P057,2:00,0.0,0.0
P057,3:00,0.0,0.0
P057,4:00,0.0,0.0
P057,5:00,0.0,0.0
P057,6:00,0.0,0.0
P057,7:00,12.618275153458594,1.4631036569723181
P057,8:00,25.616612167897856,2.802268671898384
P057,9:00,34.778737393380204,4.0844844412226395
P057,10:00,32.24930541306811,3.4948532679616138
P057,11:00,30.48770250609873,4.169260075664359
P057,12:00,47.78310153292722,4.790168580792976
P057,13:00,35.50707903151153,3.6721076970750706
P057,14:00,43.29598847605923,4.521607714242746
P057,15:00,35.33085036364924,4.129927505558038
P057,16:00,24.779278944648553,2.628183938090735
P057,17:00,12.970621727964126,1.5011308108486374
P057,18:00,6.019597939797742e-15,7.133921788498522e-16
P057,19:00,0.0,0.0
P057,20:00,0.0,0.0
P057,21:00,0.0,0.0
P057,22:00,0.0,0.0
P057,23:00,0.0,0.0
P058,0:00,0.0,0.0
P058,1:00,0.0,0.0
P058,2:00,0.0,0.0
P058,3:00,0.0,0.0
P058,4:00,0.0,0.0
P058,5:00,0.0,0.0
P058,6:00,0.0,0.0
P058,7:00,12.199980902045224,1.1748719214013386
P058,8:00,23.314049513715382,2.458072865423866
P058,9:00,33.67628802656916,3.6792326423981745
P058,10:00,40.644603560625946,4.861128874282218
P058,11:00,45.62782307847287,4.636050008158118
P058,12:00,47.515551380206865,5.143121514153101
P058,13:00,46.49018282477539,5.155784050303879
P058,14:00,31.42109090515267,2.8457147087936874
P058,15:00,33.33087393062131,3.271778901068976
P058,16:00,23.7958882433008,2.562809446352589
P058,17:00,12.33219764747913,1.2933328585508426
P058,18:00,5.883669066569481e-15,6.359896019883928e-16
P058,19:00,0.0,0.0
P058,20:00,0.0,0.0
P058,21:00,0.0,0.0
P058,22:00,0.0,0.0
P058,23:00,0.0,0.0
P059,0:00,0.0,0.0
P059,1:00,0.0,0.0
P059,2:00,0.0,0.0
P059,3:00,0.0,0.0
P059,4:00,0.0,0.0
P059,5:00,0.0,0.0
P059,6:00,0.0,0.0
P059,7:00,12.429099965723697,1.3661343808530984
P059,8:00,23.008999999679574,2.6664467800335734
P059,9:00,33.774346382223406,4.006825807170646
P059,10:00,28.148293856802226,2.6638977641704344
P059,11:00,47.137095516437874,5.30796218067107
P059,12:00,29.186157243211316,4.039738186951158
P059,13:00,35.25528086228785,4.1510763643408914
P059,14:00,40.63106707346035,4.530947179296218
P059,15:00,33.33106961854494,3.6652704155489637
P059,16:00,23.946212131744645,2.6266700400784524
P059,17:00,12.407992501663609,1.4396999466447757
P059,18:00,5.886575436622747e-15,6.82148909543432e-16
P059,19:00,0.0,0.0
P059,20:00,0.0,0.0
P059,21:00,0.0,0.0
P059,22:00,0.0,0.0
P059,23:00,0.0,0.0
P060,0:00,0.0,0.0
P060,1:00,0.0,0.0
P060,2:00,0.0,0.0
P060,3:00,0.0,0.0
P060,4:00,0.0,0.0
P060,5:00,0.0,0.0
P060,6:00,0.0,0.0
P060,7:00,11.896276429106761,1.2851790567729815
P060,8:00,22.19307415695642,2.4149405892390705
P060,9:00,32.55539452060125,3.481209021825941
P060,10:00,38.52279556782697,3.991603897773499
P060,11:00,42.90906415733509,4.9807494234639424
P060,12:00,44.05042682637989,4.720573996344301
P060,13:00,29.165050809745143,3.618586549574029
P060,14:00,38.18832604939465,4.287119022635083
P060,15:00,31.823635268021892,3.502139165134058
P060,16:00,22.294936162611595,2.3706963754504784
P060,17:00,11.989450970098881,1.2904397100817249
P060,18:00,5.556116689551162e-15,5.263239015245999e-16
P060,19:00,0.0,0.0
P060,20:00,0.0,0.0
P060,21:00,0.0,0.0
P060,22:00,0.0,0.0
P060,23:00,0.0,0.0
P061,0:00,0.0,0.0
P061,1:00,0.0,0.0
P061,2:00,0.0,0.0
P061,3:00,0.0,0.0
P061,4:00,0.0,0.0
P061,5:00,0.0,0.0
P061,6:00,0.0,0.0
P061,7:00,12.964264037431658,1.2809203394482802
P061,8:00,24.667889081681686,2.318264795056831
P061,9:00,34.4395194936924,3.6548189656925003
P061,10:00,42.48940805992415,4.188579780516077
P061,11:00,47.29345448328508,4.427152131738922
P061,12:00,35.737767389621084,2.993430451932985
P061,13:00,46.72164356899737,5.119035337315678
P061,14:00,43.4500982390541,4.43796608109201
P061,15:00,35.37443883545186,3.4507120184583
P061,16:00,25.220747012900407,2.2387438888920004
P061,17:00,12.635861390542768,1.1580375610694595
P061,18:00,5.980589624041699e-15,6.465969154946008e-16
P061,19:00,0.0,0.0
P061,20:00,0.0,0.0
P061,21:00,0.0,0.0
P061,22:00,0.0,0.0
P061,23:00,0.0,0.0
P062,0:00,0.0,0.0
P062,1:00,0.0,0.0
P062,2:00,0.0,0.0
P062,3:00,0.0,0.0
P062,4:00,0.0,0.0
P062,5:00,0.0,0.0
P062,6:00,0.0,0.0
P062,7:00,12.797418271283936,1.375813684835737
P062,8:00,24.15782183844597,2.531188347882228
P062,9:00,34.320281988221765,3.6936790503777344
P062,10:00,30.012278952280163,3.0058697183974936
P062,11:00,45.603258381667374,4.818287601997891
P062,12:00,48.207249754409546,5.202625693293277
P062,13:00,47.74241140251267,5.035261830368405
P062,14:00,40.91848133641824,4.393373659734752
P062,15:00,34.33881227225736,3.731450670979485
P062,16:00,23.699829515193,2.569854383393994
P062,17:00,12.354251671595076,1.3068378162820926
P062,18:00,5.911571353348265e-15,5.713422998502954e-16
P062,19:00,0.0,0.0
P062,20:00,0.0,0.0
P062,21:00,0.0,0.0
P062,22:00,0.0,0.0
P062,23:00,0.0,0.0
P063,0:00,0.0,0.0
P063,1:00,0.0,0.0
P063,2:00,0.0,0.0
P063,3:00,0.0,0.0
P063,4:00,0.0,0.0
P063,5:00,0.0,0.0
P063,6:00,0.0,0.0
P063,7:00,12.404564118777651,1.2008246621626748
P063,8:00,24.347380349346746,2.527838254609379
P063,9:00,33.84905308996991,3.2526471110497037
P063,10:00,41.858740360577066,4.493704102324243
P063,11:00,45.6287140718223,4.760217551204469
P063,12:00,38.06896242497953,3.492408128499848
P063,13:00,47.61140206307833,5.031541698963568
P063,14:00,42.140092030863464,3.7508937279790238
P063,15:00,34.204459486953944,3.3070091678008384
P063,16:00,23.31910143269227,2.201080495626789
P063,17:00,12.682417493523063,1.3331915382142805
P063,18:00,5.98616491044178e-15,5.616179602797003e-16
P063,19:00,0.0,0.0
P063,20:00,0.0,0.0
P063,21:00,0.0,0.0
P063,22:00,0.0,0.0
P063,23:00,0.0,0.0
P064,0:00,0.0,0.0
P064,1:00,0.0,0.0
P064,2:00,0.0,0.0
P064,3:00,0.0,0.0
P064,4:00,0.0,0.0
P064,5:00,0.0,0.0
P064,6:00,0.0,0.0
P064,7:00,11.901948391206139,1.171004905358676
P064,8:00,24.08708170437589,2.474689700644969
P064,9:00,33.391202562039545,3.192238344764612
P064,10:00,41.3425343228336,3.81179189179433
P064,11:00,32.56926928919162,3.1036888447934703
P064,12:00,48.266065223554016,4.484560007972452
P064,13:00,45.32746491451234,4.386480716956454
P064,14:00,40.59218812456089,4.250601791731306
P064,15:00,34.19024906361187,3.2628133873904943
P064,16:00,24.02631572265787,2.462419317060681
P064,17:00,12.100440501130551,1.1361336098139996
P064,18:00,5.8264441998586015e-15,5.904516989879086e-16
P064,19:00,0.0,0.0
P064,20:00,0.0,0.0
P064,21:00,0.0,0.0
P064,22:00,0.0,0.0
P064,23:00,0.0,0.0
P065,0:00,0.0,0.0
P065,1:00,0.0,0.0
P065,2:00,0.0,0.0
P065,3:00,0.0,0.0
P065,4:00,0.0,0.0
P065,5:00,0.0,0.0
P065,6:00,0.0,0.0
P065,7:00,11.876811382049036,1.2504260349080476
P065,8:00,23.47375275717756,2.3121386148335903
P065,9:00,33.97159381487252,3.302839544440872
P065,10:00,32.07929257206332,2.9224675816292485
P065,11:00,45.597029860558365,4.550105059683546
P065,12:00,46.29040599297301,4.341725432417739
P065,13:00,29.979098621475657,3.6309237439448547
P065,14:00,41.22632506594018,4.128901496050969
P065,15:00,33.03478956626359,3.3551100562771525
P065,16:00,24.716372334185827,2.58468034174914
P065,17:00,12.299581051412499,1.1697513963597366
P065,18:00,5.822855819703102e-15,6.190688150258532e-16
P065,19:00,0.0,0.0
P065,20:00,0.0,0.0
P065,21:00,0.0,0.0
P065,22:00,0.0,0.0
P065,23:00,0.0,0.0
P066,0:00,0.0,0.0
P066,1:00,0.0,0.0
P066,2:00,0.0,0.0
P066,3:00,0.0,0.0
P066,4:00,0.0,0.0
P066,5:00,0.0,0.0
P066,6:00,0.0,0.0
P066,7:00,12.316410563498264,1.4313189297281437
P066,8:00,23.49269620428009,2.895566135855627
P066,9:00,33.40471244047539,3.8266430606825477
P066,10:00,27.81287771163051,3.672067877051789
P066,11:00,33.625288835629235,3.416273685219845
P066,12:00,47.27610036554837,5.54600051541186
P066,13:00,45.95205900226617,5.295010546167992
P066,14:00,40.5812759537613,4.476539663318566
P066,15:00,33.79221450196794,3.926579026657925
P066,16:00,23.888823565510386,2.649824358326926
P066,17:00,12.071656124408507,1.4394491193622114
P066,18:00,5.6574554556157464e-15,6.388288547413809e-16
P066,19:00,0.0,0.0
P066,20:00,0.0,0.0
P066,21:00,0.0,0.0
P066,22:00,0.0,0.0
P066,23:00,0.0,0.0
P067,0:00,0.0,0.0
P067,1:00,0.0,0.0
P067,2:00,0.0,0.0
P067,3:00,0.0,0.0
P067,4:00,0.0,0.0
P067,5:00,0.0,0.0
P067,6:00,0.0,0.0
P067,7:00,12.502570766554832,1.3585983822833243
P067,8:00,23.53571910206233,2.553979023843313
P067,9:00,33.389519029947046,3.435475778930409
P067,10:00,41.281861909517474,4.38063498948992
P067,11:00,30.29437403869371,3.6343636063712212
P067,12:00,46.61730842430446,5.52309857896285
P067,13:00,46.51928233098039,4.698708295191869
P067,14:00,26.26683254327587,2.920191409001487
P067,15:00,34.041332931256505,3.70651723628961
P067,16:00,23.30135923059411,2.5275916272367196
P067,17:00,12.633319640366125,1.424705282013764
P067,18:00,5.965797504346939e-15,6.484194276658084e-16
P067,19:00,0.0,0.0
P067,20:00,0.0,0.0
P067,21:00,0.0,0.0
P067,22:00,0.0,0.0
P067,23:00,0.0,0.0
P068,0:00,0.0,0.0
P068,1:00,0.0,0.0
P068,2:00,0.0,0.0
P068,3:00,0.0,0.0
P068,4:00,0.0,0.0
P068,5:00,0.0,0.0
P068,6:00,0.0,0.0
P068,7:00,12.340766840903944,1.468934308347386
P068,8:00,23.180930737729486,2.569520276700916
P068,9:00,32.59541045019381,3.684698685736657
P068,10:00,31.564972808956433,2.69690925194368
P068,11:00,45.369096501751656,4.77267207585838
P068,12:00,47.29088726440974,5.067810350342501
P068,13:00,32.03740262344844,3.910300346548517
P068,14:00,39.878330142271984,4.362609594223585
P068,15:00,33.2549801055915,3.446221151186841
P068,16:00,22.84624052638091,2.5382707464718313
P068,17:00,11.980991780759641,1.3351824362117009
P068,18:00,5.71974589750475e-15,5.605005687040936e-16
P068,19:00,0.0,0.0
P068,20:00,0.0,0.0
P068,21:00,0.0,0.0
P068,22:00,0.0,0.0
P068,23:00,0.0,0.0
P069,0:00,0.0,0.0
P069,1:00,0.0,0.0
P069,2:00,0.0,0.0
P069,3:00,0.0,0.0
P069,4:00,0.0,0.0
P069,5:00,0.0,0.0
P069,6:00,0.0,0.0
P069,7:00,12.254033854441913,1.2506572084665362
P069,8:00,24.25392045890892,2.6621688786545845
P069,9:00,34.8210504594108,2.876150481284424
P069,10:00,41.91678784471036,4.620830986248011
P069,11:00,34.55964425802407,3.458681201123308
P069,12:00,30.857159005472706,3.1705508738968056
P069,13:00,36.39183917301926,3.381424676107611
P069,14:00,34.02615655630179,2.8409381583371687
P069,15:00,34.17449160870969,3.4596849120369564
P069,16:00,24.691814611725697,2.4319292846999496
P069,17:00,13.066848175978869,1.231038605561505
P069,18:00,6.0531585157254036e-15,6.468246668173639e-16
P069,19:00,0.0,0.0
P069,20:00,0.0,0.0
P069,21:00,0.0,0.0
P069,22:00,0.0,0.0
P069,23:00,0.0,0.0
P070,0:00,0.0,0.0
P070,1:00,0.0,0.0
P070,2:00,0.0,0.0
P070,3:00,0.0,0.0
P070,4:00,0.0,0.0
P070,5:00,0.0,0.0
P070,6:00,0.0,0.0
P070,7:00,12.255792527830575,1.3791658020907231
P070,8:00,23.999688455657978,2.698523113358366
P070,9:00,33.861830787029724,3.6319001227278083
P070,10:00,40.65327402964759,3.9370272026251354
P070,11:00,29.662245106161567,3.3537700439695253
P070,12:00,46.10015612392113,4.762849629458622
P070,13:00,28.745314389448534,2.8588352784383027
P070,14:00,31.271426359626325,3.2587814754534636
P070,15:00,34.33310940804035,3.776573262557982
P070,16:00,22.84496051835328,2.588802795621345
P070,17:00,12.405244825545646,1.2666526343190851
P070,18:00,5.761375087643796e-15,6.087494674802468e-16
P070,19:00,0.0,0.0
P070,20:00,0.0,0.0
P070,21:00,0.0,0.0
P070,22:00,0.0,0.0
P070,23:00,0.0,0.0
P071,0:00,0.0,0.0
P071,1:00,0.0,0.0
P071,2:00,0.0,0.0
P071,3:00,0.0,0.0
P071,4:00,0.0,0.0
P071,5:00,0.0,0.0
P071,6:00,0.0,0.0
P071,7:00,12.481406413146217,1.3773732664767222
P071,8:00,24.489069636731255,2.5151291100938007
P071,9:00,33.8239441992582,3.7565530157485982
P071,10:00,28.650117524798404,2.8256894755020756
P071,11:00,44.35896048867596,4.299956709888603
P071,12:00,35.703685443402634,3.7625596748062637
P071,13:00,45.431617949026176,4.367029120724687
P071,14:00,39.279996275305706,4.429249895839561
P071,15:00,33.35753355870644,3.4548739855405945
P071,16:00,24.080126085183267,2.2871798792715423
P071,17:00,12.442241153438324,1.245626976403367
P071,18:00,5.790918840205457e-15,5.786329655293314e-16
P071,19:00,0.0,0.0
P071,20:00,0.0,0.0
P071,21:00,0.0,0.0
P071,22:00,0.0,0.0
P071,23:00,0.0,0.0
P072,0:00,0.0,0.0
P072,1:00,0.0,0.0
P072,2:00,0.0,0.0
P072,3:00,0.0,0.0
P072,4:00,0.0,0.0
P072,5:00,0.0,0.0
P072,6:00,0.0,0.0
P072,7:00,12.57319359599581,1.0823171054194043
P072,8:00,25.019350132931272,2.47465748172838
P072,9:00,33.2079475457423,3.2449787630121456
P072,10:00,25.377544441962705,2.6424872173489695
P072,11:00,47.11295959788406,4.506307263436732
P072,12:00,47.358795149903585,4.4135405932945755
P072,13:00,46.1055064335051,4.623749102766077
P072,14:00,41.59580174653506,4.2262403211829636
P072,15:00,32.62518778844173,3.137682924485681
P072,16:00,23.955188596037157,2.337455085145135
P072,17:00,12.381267240601533,1.172377831071787
P072,18:00,5.948106033049707e-15,6.311326184466564e-16
P072,19:00,0.0,0.0
P072,20:00,0.0,0.0
P072,21:00,0.0,0.0
P072,22:00,0.0,0.0
P072,23:00,0.0,0.0
P073,0:00,0.0,0.0
P073,1:00,0.0,0.0
P073,2:00,0.0,0.0
P073,3:00,0.0,0.0
P073,4:00,0.0,0.0
P073,5:00,0.0,0.0
P073,6:00,0.0,0.0
P073,7:00,12.296574455542371,1.3038135106407076
P073,8:00,23.89014352016792,2.4444914849191206
P073,9:00,33.76686027430999,3.6374304478595034
P073,10:00,40.48928966486478,4.483366379968598
P073,11:00,46.65649211213616,4.735471033880584
P073,12:00,48.101757676265116,4.581698551573533
P073,13:00,45.839644922553326,4.559623501312303
P073,14:00,31.88509958174899,2.936146880906056
P073,15:00,34.53119898011464,3.8111692286451686
P073,16:00,24.074046783543054,2.620698151202724
P073,17:00,12.196876927854449,1.3088741221049498
P073,18:00,5.669103627502514e-15,5.664705667721019e-16
P073,19:00,0.0,0.0
P073,20:00,0.0,0.0
P073,21:00,0.0,0.0
P073,22:00,0.0,0.0
P073,23:00,0.0,0.0
P074,0:00,0.0,0.0
P074,1:00,0.0,0.0
P074,2:00,0.0,0.0
P074,3:00,0.0,0.0
P074,4:00,0.0,0.0
P074,5:00,0.0,0.0
P074,6:00,0.0,0.0
P074,7:00,12.717371998282578,1.2361929834438539
P074,8:00,25.124074543712208,2.68930664080138
P074,9:00,34.88593240077362,3.7698885783549745
P074,10:00,42.37422213270981,4.404029378293312
P074,11:00,48.84838475809568,4.649340356397711
P074,12:00,49.40645659360811,5.406257625459525
P074,13:00,47.42304106352062,4.796206224605124
P074,14:00,43.212820987109225,4.578631546796069
P074,15:00,35.748184835333426,3.656457235137105
P074,16:00,24.950413836091887,2.233347303401693
P074,17:00,12.844027674236258,1.3500690256987629
P074,18:00,6.202449870338606e-15,6.208308005699353e-16
P074,19:00,0.0,0.0
P074,20:00,0.0,0.0
P074,21:00,0.0,0.0
P074,22:00,0.0,0.0
P074,23:00,0.0,0.0
P075,0:00,0.0,0.0
P075,1:00,0.0,0.0
P075,2:00,0.0,0.0
P075,3:00,0.0,0.0
P075,4:00,0.0,0.0
P075,5:00,0.0,0.0
P075,6:00,0.0,0.0
P075,7:00,12.204294014934806,1.2010139975584366
P075,8:00,23.922920074648655,2.3703068755863645
P075,9:00,33.10177138057821,3.6633336764223667
P075,10:00,40.29547857305742,4.153796007641916
P075,11:00,45.85667992727524,4.8883363332710505
P075,12:00,29.771292480215898,3.389344195278753
P075,13:00,36.130400763754125,3.980564209201631
P075,14:00,39.30988750112629,4.3654406249542355
P075,15:00,33.17022240727893,3.784550824139957
P075,16:00,23.322236477159745,2.654249273738404
P075,17:00,12.178273372909509,1.3054854934803304
P075,18:00,5.784203418786413e-15,6.008275160498751e-16
P075,19:00,0.0,0.0
P075,20:00,0.0,0.0
P075,21:00,0.0,0.0
P075,22:00,0.0,0.0
P075,23:00,0.0,0.0
P076,0:00,0.0,0.0
P076,1:00,0.0,0.0
P076,2:00,0.0,0.0
P076,3:00,0.0,0.0
P076,4:00,0.0,0.0
P076,5:00,0.0,0.0
P076,6:00,0.0,0.0
P076,7:00,12.252132449415175,1.4998207592432509
P076,8:00,23.893200332227238,2.85536258594491
P076,9:00,34.178080008560315,3.6952013231206817
P076,10:00,41.2176824734377,4.432521116020396
P076,11:00,43.958511185294626,5.48943935456481
P076,12:00,33.683741034523564,3.885948151145562
P076,13:00,47.14588254092915,5.571883033189579
P076,14:00,41.98619504384964,5.158647425349127
P076,15:00,33.70274179495741,4.0012632540337805
P076,16:00,24.520795636932682,2.7941059628457103
P076,17:00,12.497026798685594,1.4125147768548545
P076,18:00,5.827791369382496e-15,6.330844084913311e-16
P076,19:00,0.0,0.0
P076,20:00,0.0,0.0
P076,21:00,0.0,0.0
P076,22:00,0.0,0.0
P076,23:00,0.0,0.0
P077,0:00,0.0,0.0
P077,1:00,0.0,0.0
P077,2:00,0.0,0.0
P077,3:00,0.0,0.0
P077,4:00,0.0,0.0
P077,5:00,0.0,0.0
P077,6:00,0.0,0.0
P077,7:00,12.61669057808582,1.38548206309667
P077,8:00,25.039556708149554,2.3846754285906457
P077,9:00,34.421065035132834,3.530460598673694
P077,10:00,33.32992109561795,3.2443972731963413
P077,11:00,47.56741843555357,5.579719450714501
P077,12:00,49.44806736379115,5.525722885502886
P077,13:00,34.81439013817292,4.28918810834013
P077,14:00,42.191341834387345,4.796366645287166
P077,15:00,33.46949911948133,3.2077644625518884
P077,16:00,24.260982850673106,2.587211626282528
P077,17:00,12.872025342228941,1.2527817366137945
P077,18:00,6.050298144356106e-15,6.362191959318627e-16
P077,19:00,0.0,0.0
P077,20:00,0.0,0.0
P077,21:00,0.0,0.0
P077,22:00,0.0,0.0
P077,23:00,0.0,0.0
P078,0:00,0.0,0.0
P078,1:00,0.0,0.0
P078,2:00,0.0,0.0
P078,3:00,0.0,0.0
P078,4:00,0.0,0.0
P078,5:00,0.0,0.0
P078,6:00,0.0,0.0
P078,7:00,12.239577490223658,1.4641768431099513
P078,8:00,24.131813731155717,2.6982045853153416
P078,9:00,33.849767467436536,3.7420359647251664
P078,10:00,42.60061029721735,4.685844979097813
P078,11:00,44.628517225244224,5.772674757053693
P078,12:00,48.14525880372545,5.174754007206727
P078,13:00,46.513504511182816,4.9494815372121375
P078,14:00,41.95888000652072,4.6697709689331095
P078,15:00,33.985839067348316,4.046452881684797
P078,16:00,23.936734181189944,2.6547355107228716
P078,17:00,12.556790137760572,1.4793525731196864
P078,18:00,5.832165593011818e-15,6.234718394980535e-16
P078,19:00,0.0,0.0
P078,20:00,0.0,0.0
P078,21:00,0.0,0.0
P078,22:00,0.0,0.0
P078,23:00,0.0,0.0
P079,0:00,0.0,0.0
P079,1:00,0.0,0.0
P079,2:00,0.0,0.0
P079,3:00,0.0,0.0
P079,4:00,0.0,0.0
P079,5:00,0.0,0.0
P079,6:00,0.0,0.0
P079,7:00,12.523281337513978,1.1346204652737104
P079,8:00,24.3584779535971,2.111538847002767
P079,9:00,33.65531085059249,3.23523055664635
P079,10:00,40.997821973504735,4.113086809249976
P079,11:00,47.275329659631474,4.444220101723958
P079,12:00,47.436086230057775,5.1489976067691705
P079,13:00,46.33034731466728,4.1171897328019655
P079,14:00,28.28499840267869,2.470087219785689
P079,15:00,34.1182643944865,3.4002925673818587
P079,16:00,23.695343401736913,2.5381399813889574
P079,17:00,12.307998741576622,1.1586580568755556
P079,18:00,6.087157564633651e-15,6.033639481157436e-16
P079,19:00,0.0,0.0
P079,20:00,0.0,0.0
P079,21:00,0.0,0.0
P079,22:00,0.0,0.0
P079,23:00,0.0,0.0
P080,0:00,0.0,0.0
P080,1:00,0.0,0.0
P080,2:00,0.0,0.0
P080,3:00,0.0,0.0
P080,4:00,0.0,0.0
P080,5:00,0.0,0.0
P080,6:00,0.0,0.0
P080,7:00,12.77263739675522,1.2119799217729357
P080,8:00,24.68168363951901,2.469284407780284
P080,9:00,35.002655415002,3.456145683297307
P080,10:00,41.57541937098468,4.190174001090458
P080,11:00,30.565079085720768,2.893972576259829
P080,12:00,36.08785426505193,3.3067414348628072
P080,13:00,34.31068026498332,3.0708361042332735
P080,14:00,42.42372378059311,4.587452480653378
P080,15:00,34.210630376074526,3.49014848263378
P080,16:00,23.621628884967954,2.5843678550170757
P080,17:00,12.709473215881934,1.3072395228898
P080,18:00,5.90998547307386e-15,5.750918034541638e-16
P080,19:00,0.0,0.0
P080,20:00,0.0,0.0
P080,21:00,0.0,0.0
P080,22:00,0.0,0.0
P080,23:00,0.0,0.0
P081,0:00,0.0,0.0
P081,1:00,0.0,0.0
P081,2:00,0.0,0.0
P081,3:00,0.0,0.0
P081,4:00,0.0,0.0
P081,5:00,0.0,0.0
P081,6:00,0.0,0.0
P081,7:00,12.719375178346338,1.245716747307297
P081,8:00,23.134378778146353,2.375139602915257
P081,9:00,33.95890241957473,3.1412536494225805
P081,10:00,41.0643263206862,3.87938445260427
P081,11:00,47.932505625599944,4.911297753443645
P081,12:00,37.28771533156527,3.016097700245646
P081,13:00,33.62463071870973,2.917597824085554
P081,14:00,41.08550982691559,4.024004142012613
P081,15:00,33.67053223694049,3.676852471108298
P081,16:00,23.12163448060426,2.3026689647352
P081,17:00,12.274015219550575,1.1342331231129656
P081,18:00,5.752480478149315e-15,5.536501322302182e-16
P081,19:00,0.0,0.0
P081,20:00,0.0,0.0
P081,21:00,0.0,0.0
P081,22:00,0.0,0.0
P081,23:00,0.0,0.0
P082,0:00,0.0,0.0
P082,1:00,0.0,0.0
P082,2:00,0.0,0.0
P082,3:00,0.0,0.0
P082,4:00,0.0,0.0
P082,5:00,0.0,0.0
P082,6:00,0.0,0.0
P082,7:00,12.668117216210215,1.1238020475389978
P082,8:00,25.26443088672291,2.3922067620181364
P082,9:00,35.18554377740623,3.8878405571992127
P082,10:00,43.36610460415017,4.558489680378702
P082,11:00,48.029616287784826,4.599784384599826
P082,12:00,48.721202983172546,5.535711497564805
P082,13:00,49.2186693613926,5.168069684053839
P082,14:00,43.5873304200239,4.639642252702786
P082,15:00,34.95663715692958,3.3018813033673924
P082,16:00,24.596151576838118,2.6938107857613005
P082,17:00,12.590895005262487,1.2777437237772313
P082,18:00,6.053559961723583e-15,6.160932420858305e-16
P082,19:00,0.0,0.0
P082,20:00,0.0,0.0
P082,21:00,0.0,0.0
P082,22:00,0.0,0.0
P082,23:00,0.0,0.0
P083,0:00,0.0,0.0
P083,1:00,0.0,0.0
P083,2:00,0.0,0.0
P083,3:00,0.0,0.0
P083,4:00,0.0,0.0
P083,5:00,0.0,0.0
P083,6:00,0.0,0.0
P083,7:00,12.273108489491808,1.2412685581645906
P083,8:00,24.176260562974,2.216894878791658
P083,9:00,33.95517187669248,3.1018688989119623
P083,10:00,31.081299975471854,3.373495348369328
P083,11:00,46.83129875091777,4.995425912857719
P083,12:00,28.57382534802968,3.5466606462190366
P083,13:00,28.389338293330603,3.1436590026894295
P083,14:00,41.098353220065825,4.205828933666187
P083,15:00,33.601842299642506,3.569460643951179
P083,16:00,23.62707626868453,2.4003786739773467
P083,17:00,12.545774643715657,1.130108852829582
P083,18:00,5.625680591696013e-15,5.891243736331231e-16
P083,19:00,0.0,0.0
P083,20:00,0.0,0.0
P083,21:00,0.0,0.0
P083,22:00,0.0,0.0
P083,23:00,0.0,0.0
P084,0:00,0.0,0.0
P084,1:00,0.0,0.0
P084,2:00,0.0,0.0
P084,3:00,0.0,0.0
P084,4:00,0.0,0.0
P084,5:00,0.0,0.0
P084,6:00,0.0,0.0
P084,7:00,12.69826451895324,1.332358568611238
P084,8:00,25.554990460864605,2.2281220658159113
P084,9:00,34.20076959889906,3.4331749803736447
P084,10:00,41.78856836526581,4.40090398582088
P084,11:00,35.15185985622525,3.7169299800824276
P084,12:00,50.855241586269116,5.30144378680302
P084,13:00,47.16325764364737,5.0303913441539665
P084,14:00,43.46740228794664,4.897233962410966
P084,15:00,35.33642556985684,3.50229542130254
P084,16:00,24.527385950671576,2.5035572533764237
P084,17:00,12.3368656825206,1.310511395209556
P084,18:00,5.928531771604262e-15,6.500127259491229e-16
P084,19:00,0.0,0.0
P084,20:00,0.0,0.0
P084,21:00,0.0,0.0
P084,22:00,0.0,0.0
P084,23:00,0.0,0.0
P085,0:00,0.0,0.0
P085,1:00,0.0,0.0
P085,2:00,0.0,0.0
P085,3:00,0.0,0.0
P085,4:00,0.0,0.0
P085,5:00,0.0,0.0
P085,6:00,0.0,0.0
P085,7:00,12.452327746121826,1.461877774467168
P085,8:00,24.003264071873485,2.5710961885450807
P085,9:00,33.268768603891466,3.7216976171821434
P085,10:00,30.079107564797393,2.616778532680481
P085,11:00,46.2439085988812,5.049613495245559
P085,12:00,32.82428822617459,2.9392280547299565
P085,13:00,47.0150611227746,5.150958116266972
P085,14:00,31.15654273097113,3.625624203531528
P085,15:00,33.491582281448494,3.853704842329726
P085,16:00,22.958700274075458,2.499971753279517
P085,17:00,11.987651134669612,1.3524160427301832
P085,18:00,5.670833015613918e-15,5.53976145129251e-16
P085,19:00,0.0,0.0
P085,20:00,0.0,0.0
P085,21:00,0.0,0.0
P085,22:00,0.0,0.0
P085,23:00,0.0,0.0
P086,0:00,0.0,0.0
P086,1:00,0.0,0.0
P086,2:00,0.0,0.0
P086,3:00,0.0,0.0
P086,4:00,0.0,0.0
P086,5:00,0.0,0.0
P086,6:00,0.0,0.0
P086,7:00,11.9509983765491,1.1672140919212597
P086,8:00,23.004243092884778,2.4770121642969243
P086,9:00,32.0809964765677,3.593944817218378
P086,10:00,39.91349776299862,4.010139688133599
P086,11:00,44.34348424960884,4.880450227668525
P086,12:00,44.97255234001912,5.234898438579053
P086,13:00,44.43409295647877,5.174545589351786
P086,14:00,40.58723919921409,3.4411455100974524
P086,15:00,32.905451906061096,3.5081310261128174
P086,16:00,23.703301792605686,2.3354380099715506
P086,17:00,11.86110597470947,1.289344816391374
P086,18:00,5.649841622926796e-15,5.606041164089542e-16
P086,19:00,0.0,0.0
P086,20:00,0.0,0.0
P086,21:00,0.0,0.0
P086,22:00,0.0,0.0
P086,23:00,0.0,0.0
P087,0:00,0.0,0.0
P087,1:00,0.0,0.0
P087,2:00,0.0,0.0
P087,3:00,0.0,0.0
P087,4:00,0.0,0.0
P087,5:00,0.0,0.0
P087,6:00,0.0,0.0
P087,7:00,12.514191830941838,1.2572657753831444
P087,8:00,25.058947796596083,2.433569989806341
P087,9:00,35.05292643278637,3.6950721210865503
P087,10:00,42.80572735999066,4.038662337777
P087,11:00,33.491833432075516,2.9471410990431095
P087,12:00,49.4719121293717,4.536353626047507
P087,13:00,32.32106450383502,3.250162468639034
P087,14:00,32.46541722873922,2.661690344015785
P087,15:00,35.14479230108983,3.348044409539986
P087,16:00,24.28044149252549,2.5382362453370324
P087,17:00,12.829883348263937,1.2458069859568133
P087,18:00,5.877120277696862e-15,5.360635452036558e-16
P087,19:00,0.0,0.0
P087,20:00,0.0,0.0
P087,21:00,0.0,0.0
P087,22:00,0.0,0.0
P087,23:00,0.0,0.0
P088,0:00,0.0,0.0
P088,1:00,0.0,0.0
P088,2:00,0.0,0.0
P088,3:00,0.0,0.0
P088,4:00,0.0,0.0
P088,5:00,0.0,0.0
P088,6:00,0.0,0.0
P088,7:00,12.116492567832347,1.2603950162631612
P088,8:00,23.673728683829815,2.3768713063997375
P088,9:00,33.8647519224942,3.5363880325469186
P088,10:00,31.31417882881458,2.806515841251018
P088,11:00,31.430001802387896,3.2496145863827683
P088,12:00,46.53426238738376,5.276001305195091
P088,13:00,47.210824562063124,4.494201098665347
P088,14:00,40.55062978048268,4.405707956898276
P088,15:00,32.72351636140324,3.3528884552245817
P088,16:00,23.527171079077267,2.4335160239523606
P088,17:00,12.382181781810527,1.2193803769341025
P088,18:00,5.77389677463216e-15,5.7829480548066e-16
P088,19:00,0.0,0.0
P088,20:00,0.0,0.0
P088,21:00,0.0,0.0
P088,22:00,0.0,0.0
P088,23:00,0.0,0.0
P089,0:00,0.0,0.0
P089,1:00,0.0,0.0
P089,2:00,0.0,0.0
P089,3:00,0.0,0.0
P089,4:00,0.0,0.0
P089,5:00,0.0,0.0
P089,6:00,0.0,0.0
P089,7:00,12.440960035892028,1.11939112923954
P089,8:00,23.799136301223623,2.6213868831850697
P089,9:00,32.09008568255975,3.1666592741407555
P089,10:00,24.550605706719473,2.8534673131131156
P089,11:00,45.47653690412056,4.486356878217276
P089,12:00,47.31088675382923,4.530780190521456
P089,13:00,46.42962531045692,4.193347865346674
P089,14:00,40.595557769212455,4.248391194826241
P089,15:00,32.839386860784785,3.1539060201025624
P089,16:00,23.426690830635913,2.2605797020564884
P089,17:00,12.686872882107318,1.371757072205169
P089,18:00,5.882883809064513e-15,5.661513873620873e-16
P089,19:00,0.0,0.0
P089,20:00,0.0,0.0
P089,21:00,0.0,0.0
P089,22:00,0.0,0.0
P089,23:00,0.0,0.0
P090,0:00,0.0,0.0
P090,1:00,0.0,0.0
P090,2:00,0.0,0.0
P090,3:00,0.0,0.0
P090,4:00,0.0,0.0
P090,5:00,0.0,0.0
P090,6:00,0.0,0.0
P090,7:00,12.767881303120225,1.3514393641134708
P090,8:00,24.459026669068642,2.626952537283003
P090,9:00,34.21778260150446,3.713178761356865
P090,10:00,42.03563728621177,4.133442157697604
P090,11:00,35.24497766039688,3.693839531386427
P090,12:00,31.470487505421822,3.7651713929973516
P090,13:00,47.98837222191068,4.912783753161373
P090,14:00,25.200972397396573,3.271080203325581
P090,15:00,35.00151684344538,3.441321269353074
P090,16:00,24.567036215548637,2.4121836190102495
P090,17:00,12.215647147497828,1.2641438112961147
P090,18:00,6.1029748062406145e-15,6.055662530096595e-16
P090,19:00,0.0,0.0
P090,20:00,0.0,0.0
P090,21:00,0.0,0.0
P090,22:00,0.0,0.0
P090,23:00,0.0,0.0
P091,0:00,0.0,0.0
P091,1:00,0.0,0.0
P091,2:00,0.0,0.0
P091,3:00,0.0,0.0
P091,4:00,0.0,0.0
P091,5:00,0.0,0.0
P091,6:00,0.0,0.0
P091,7:00,12.1194657591637,1.20855757427291
P091,8:00,23.173126549668947,2.5463327969857126
P091,9:00,33.85752536139124,3.6680659549004364
P091,10:00,30.307807124393594,3.3873360118438844
P091,11:00,44.943232515400986,4.939564772795807
P091,12:00,33.08798306012612,3.594032738969149
P091,13:00,44.0281934151367,4.3395453167069595
P091,14:00,40.323233205116814,3.9463267669712727
P091,15:00,33.226373519683285,3.7053891162373054
P091,16:00,23.529559671575036,2.3363318146606127
P091,17:00,12.273743913913211,1.2704231283110479
P091,18:00,5.695604406652089e-15,5.837442938153116e-16
P091,19:00,0.0,0.0
P091,20:00,0.0,0.0
P091,21:00,0.0,0.0
P091,22:00,0.0,0.0
P091,23:00,0.0,0.0
P092,0:00,0.0,0.0
P092,1:00,0.0,0.0
P092,2:00,0.0,0.0
P092,3:00,0.0,0.0
P092,4:00,0.0,0.0
P092,5:00,0.0,0.0
P092,6:00,0.0,0.0
P092,7:00,12.260476083654867,1.324948862021665
P092,8:00,23.27244075747583,2.8026048718612695
P092,9:00,33.403713405798065,3.8292478712417064
P092,10:00,40.733562632329054,3.9980546875415772
P092,11:00,43.862062180920084,4.8440629301911065
P092,12:00,46.48874150710094,5.0412114859649035
P092,13:00,45.7145468363631,4.901593884355261
P092,14:00,40.49356127988552,4.386436400320306
P092,15:00,33.51381160939861,3.624320869858714
P092,16:00,23.02922475959525,2.6516874593126554
P092,17:00,12.323133253394879,1.2036355947327797
P092,18:00,5.798650993683531e-15,5.732956445726226e-16
P092,19:00,0.0,0.0
P092,20:00,0.0,0.0
P092,21:00,0.0,0.0
P092,22:00,0.0,0.0
P092,23:00,0.0,0.0
P093,0:00,0.0,0.0
P093,1:00,0.0,0.0
P093,2:00,0.0,0.0
P093,3:00,0.0,0.0
P093,4:00,0.0,0.0
P093,5:00,0.0,0.0
P093,6:00,0.0,0.0
P093,7:00,12.275432559857546,1.1465105886911804
P093,8:00,24.022783788872246,2.466130865920947
P093,9:00,33.924150711195075,3.6397703157897676
P093,10:00,39.953133369438625,4.353285151531132
P093,11:00,44.845174886734604,5.235472847704673
P093,12:00,47.00824508919441,4.610862360457275
P093,13:00,45.9943773935353,4.738176115073667
P093,14:00,40.29984564899479,4.074444740500909
P093,15:00,32.76761611873493,3.7078037934993797
P093,16:00,22.99084179730885,2.3790542390232052
P093,17:00,12.030713139857188,1.2283784200300918
P093,18:00,5.791812276988204e-15,5.609430635477297e-16
P093,19:00,0.0,0.0
P093,20:00,0.0,0.0
P093,21:00,0.0,0.0
P093,22:00,0.0,0.0
P093,23:00,0.0,0.0
P094,0:00,0.0,0.0
P094,1:00,0.0,0.0
P094,2:00,0.0,0.0
P094,3:00,0.0,0.0
P094,4:00,0.0,0.0
P094,5:00,0.0,0.0
P094,6:00,0.0,0.0
P094,7:00,11.670436593435294,1.2982566047072854
P094,8:00,22.787419011260376,2.4602223381422386
P094,9:00,33.28410734943441,3.3741475919633412
P094,10:00,40.38262919597447,4.408898125878651
P094,11:00,45.77757554104799,5.216992551034303
P094,12:00,47.12454665270199,4.927811436416304
P094,13:00,27.552179683910612,3.2375558169212315
P094,14:00,28.55213144962136,2.8641702514984666
P094,15:00,32.36944234137762,3.9282565179771987
P094,16:00,22.97427474396627,2.5235855903419147
P094,17:00,12.226202661841727,1.293414846461641
P094,18:00,5.551592374520892e-15,5.764595260317756e-16
P094,19:00,0.0,0.0
P094,20:00,0.0,0.0
P094,21:00,0.0,0.0
P094,22:00,0.0,0.0
P094,23:00,0.0,0.0
P095,0:00,0.0,0.0
P095,1:00,0.0,0.0
P095,2:00,0.0,0.0
P095,3:00,0.0,0.0
P095,4:00,0.0,0.0
P095,5:00,0.0,0.0
P095,6:00,0.0,0.0
P095,7:00,12.312991544201488,1.286917252581192
P095,8:00,23.312617002726103,2.371722925977926
P095,9:00,32.76847172508225,3.386257159118028
P095,10:00,39.811376069346096,3.9912831993200544
P095,11:00,46.45058165934213,4.748979372523249
P095,12:00,32.88304555442018,4.016690651209236
P095,13:00,31.916407957281518,3.4971661961544442
P095,14:00,29.19497086696311,3.6670806914190606
P095,15:00,32.758796554269296,3.2737022464268097
P095,16:00,23.4414546300054,2.557349686543525
P095,17:00,12.380862958396452,1.3342228630480537
P095,18:00,5.8568629509731e-15,6.14976627003915e-16
P095,19:00,0.0,0.0
P095,20:00,0.0,0.0
P095,21:00,0.0,0.0
P095,22:00,0.0,0.0
P095,23:00,0.0,0.0
P096,0:00,0.0,0.0
P096,1:00,0.0,0.0
P096,2:00,0.0,0.0
P096,3:00,0.0,0.0
P096,4:00,0.0,0.0
P096,5:00,0.0,0.0
P096,6:00,0.0,0.0
P096,7:00,12.339994636858945,1.234465130749444
P096,8:00,24.450203443045456,2.597869396696237
P096,9:00,34.743649266069944,3.5100865283182827
P096,10:00,41.59562346338347,4.289169827098709
P096,11:00,46.33719808767922,4.00924854621231
P096,12:00,49.68253821361024,4.634767517517923
P096,13:00,29.53643822970493,2.633926281284947
P096,14:00,41.938473931282275,4.789288609527781
P096,15:00,34.20551843381583,3.433005850085487
P096,16:00,23.97609227073107,2.3876561013197115
P096,17:00,12.70845070330915,1.200680005719181
P096,18:00,5.7519056078065865e-15,6.958032967152906e-16
P096,19:00,0.0,0.0
P096,20:00,0.0,0.0
P096,21:00,0.0,0.0
P096,22:00,0.0,0.0
P096,23:00,0.0,0.0
P097,0:00,0.0,0.0
P097,1:00,0.0,0.0
P097,2:00,0.0,0.0
P097,3:00,0.0,0.0
P097,4:00,0.0,0.0
P097,5:00,0.0,0.0
P097,6:00,0.0,0.0
P097,7:00,12.853005393389363,1.4127078313052386
P097,8:00,24.734869011175665,2.72912012746102
P097,9:00,34.34324958988094,3.62062016895976
P097,10:00,43.29955542358473,4.6139473807245
P097,11:00,28.06797698381586,3.5651639151459436
P097,12:00,34.34773042829466,4.409913528326022
P097,13:00,48.655325775015726,4.834516089438971
P097,14:00,27.464797074563517,2.826486799142707
P097,15:00,34.429305156317014,3.929029400167656
P097,16:00,24.923766411103152,2.5007664986584563
P097,17:00,12.456183681700285,1.3654603882793672
P097,18:00,5.930308212733434e-15,6.086650439359232e-16
P097,19:00,0.0,0.0
P097,20:00,0.0,0.0
P097,21:00,0.0,0.0
P097,22:00,0.0,0.0
P097,23:00,0.0,0.0
P098,0:00,0.0,0.0
P098,1:00,0.0,0.0
P098,2:00,0.0,0.0
P098,3:00,0.0,0.0
P098,4:00,0.0,0.0
P098,5:00,0.0,0.0
P098,6:00,0.0,0.0
P098,7:00,12.251746550576055,1.3278574003080799
P098,8:00,24.378835828323204,2.4184974819863805
P098,9:00,33.2272539667079,3.3896657779253623
P098,10:00,43.013458527318626,3.9994586016007085
P098,11:00,47.26031507632324,4.876869140456078
P098,12:00,47.81781121792869,4.876742657274914
P098,13:00,34.74470463742497,3.2557631296493765
P098,14:00,43.115516044119204,4.303022313843416
P098,15:00,34.79623339442918,3.582869619828592
P098,16:00,24.342011991745263,2.4449537549010163
P098,17:00,12.661186362318242,1.2673173811815284
P098,18:00,5.992441207519443e-15,6.330749303295094e-16
P098,19:00,0.0,0.0
P098,20:00,0.0,0.0
P098,21:00,0.0,0.0
P098,22:00,0.0,0.0
P098,23:00,0.0,0.0
P099,0:00,0.0,0.0
P099,1:00,0.0,0.0
P099,2:00,0.0,0.0
P099,3:00,0.0,0.0
P099,4:00,0.0,0.0
P099,5:00,0.0,0.0
P099,6:00,0.0,0.0
P099,7:00,12.15276367351674,1.2409074190045475
P099,8:00,23.50249241980067,2.5356918329080553
P099,9:00,33.16978915630279,3.628819832126219
P099,10:00,40.25598324982669,4.128539806483523
P099,11:00,35.539702932316196,3.1652816743236194
P099,12:00,46.06597504525354,4.9618447675270385
P099,13:00,31.4450700216494,3.2153909328322285
P099,14:00,38.94802887964352,4.195548553768696
P099,15:00,33.6998510348218,3.6636837763629417
P099,16:00,22.774002222786507,2.4581279519705324
P099,17:00,12.218793848067058,1.295268765768713
P099,18:00,5.788019242453235e-15,5.430728330373849e-16
P099,19:00,0.0,0.0
P099,20:00,0.0,0.0
P099,21:00,0.0,0.0
P099,22:00,0.0,0.0
P099,23:00,0.0,0.0
P100,0:00,0.0,0.0
P100,1:00,0.0,0.0
P100,2:00,0.0,0.0
P100,3:00,0.0,0.0
P100,4:00,0.0,0.0
P100,5:00,0.0,0.0
P100,6:00,0.0,0.0
P100,7:00,12.272977450337143,1.1477344698758065
P100,8:00,23.49027683555622,2.5708366743828335
P100,9:00,33.72140984344329,3.6496292788500213
P100,10:00,41.31607875089664,4.126059407511038
P100,11:00,45.81315307259475,4.448597776222712
P100,12:00,48.48881621895349,5.1897759933471725
P100,13:00,45.22464545690524,4.56072369970693
P100,14:00,41.35198094081824,4.327685458367994
P100,15:00,33.241682700851115,3.479255085841909
P100,16:00,23.981674665339973,2.4885109436477837
P100,17:00,12.283610426396512,1.265543371249401
P100,18:00,5.812412535972207e-15,6.161175172847373e-16
P100,19:00,0.0,0.0
P100,20:00,0.0,0.0
P100,21:00,0.0,0.0
P100,22:00,0.0,0.0
P100,23:00,0.0,0.0
